Rainfall_mm,Temperature_C,Humidity_pct,Soil_Type,Fertilizer_kg_per_ha,Crop_Type,Yield_tons_per_ha
1248.712332772615,43.275000724347066,78.5595153449124,Peaty,179.0550473839461,Rice,0.73
2182.6032178289274,10.720457300353086,97.59278817295954,Silty,281.56581270472503,Rice,1.47
709.1099081798818,16.419157844870185,44.33937943676302,Peaty,129.58350559263474,Wheat,0.54
330.6638569981232,44.08144315945107,38.621707234424335,Loamy,114.73859738014882,Sugarcane,0.7
1858.7607928137188,11.62576444519992,68.60358815211507,Peaty,135.1497755908629,Rice,1.03
473.48191921787486,33.94815592792549,55.21219949916811,Silty,148.55307303338105,Maize,1.72
2746.0971258205896,19.05729935600059,73.00178274831856,Clay,127.54676234737342,Rice,0.35
2558.3973688659958,25.741394667941798,51.61201888014516,Silty,179.36999364332553,Sugarcane,0.89
326.6364089495066,21.38656157671425,51.09418317515856,Clay,161.90763971672393,Rice,1.53
972.7977096631214,20.369572699642884,33.2213551250402,Sandy,296.06608098015516,Wheat,1.88
756.4039082956828,10.193274099326084,85.23691427638673,Sandy,213.40258582459498,Maize,0.83
2616.689592451662,31.815434438964527,46.471841988211935,Peaty,218.88185350141922,Maize,0.35
1771.4815923735632,23.402440616382645,97.7369676311283,Loamy,228.23551458506924,Rice,3.93
313.2140507076078,34.87320113900256,28.871265664946506,Silty,32.367428097991336,Wheat,0.34
1080.1967470137147,27.799974190764598,92.60531791408744,Peaty,161.95232739050195,Cotton,1.4
2803.1534265592045,38.28421328475459,70.67230052083389,Silty,241.10162306973433,Sugarcane,0.47
1366.2278540370255,40.91480906216039,45.94760168042192,Silty,106.88935142309248,Wheat,0.9
201.45705558688428,22.339909971695917,44.38250065264232,Loamy,125.22330094463369,Cotton,0.33
2138.8208920927573,19.429431682948252,39.530041779821936,Loamy,96.96087960622657,Wheat,0.83
910.9631590161652,18.64066219935104,75.70434182718307,Loamy,90.2634929450309,Wheat,2.08
2993.673358137037,19.337335499634975,98.12919646661223,Silty,15.443625374996806,Cotton,0.6
2105.975264353347,28.582710416099772,55.82265316584733,Silty,24.255997899814574,Maize,0.58
878.0478271767925,38.10989147329636,57.62405075568307,Clay,190.0589132282684,Maize,1.47
622.0091231032025,27.786957185925154,75.66502454327055,Loamy,177.26788295647253,Maize,3.04
816.6749331835352,34.890233635330624,84.76008369117723,Silty,193.55183712283497,Sugarcane,3.79
1649.7037814769444,39.319853706756476,74.05520936314247,Sandy,34.042056372176724,Rice,1.0
922.2365576024357,33.09944161119627,85.37777601609727,Sandy,154.9907673813043,Wheat,1.53
2712.204122269315,41.51463200071657,70.64811658186144,Sandy,83.66140577765456,Maize,0.1
2232.6759008366703,41.398859098340196,90.96691394120938,Sandy,192.60949384628634,Maize,0.66
1242.3917463728806,42.90467048602225,97.89310694042538,Clay,48.2424154252496,Rice,1.03
1559.7185100414345,25.694845004518655,99.55659700886565,Silty,213.65376640426075,Wheat,2.47
1226.1125968320077,36.04596830697968,77.67519394017035,Sandy,162.7620691664698,Maize,1.59
1229.6042485664138,19.282082868860392,39.51917147032668,Peaty,146.02264588783655,Maize,1.32
2006.2894136855816,33.41234208820849,89.13340520575224,Silty,216.7356345784516,Maize,1.65
1801.6117577857126,36.89939050072081,23.4883017403547,Silty,282.1375753058743,Cotton,0.94
2293.612566912759,43.357514645838364,46.4600243736411,Peaty,171.68774075125148,Sugarcane,0.21
2588.426475308608,20.305711222435498,50.807818288154024,Sandy,95.0766015468833,Rice,0.57
2148.8834306899244,29.952140953127774,27.77411950166148,Clay,76.24909472092163,Rice,0.92
2656.6446013982754,35.92690162139716,75.76125927962144,Loamy,212.6732990730356,Cotton,0.1
917.3794420644825,31.40297988029882,26.52753443201923,Sandy,188.36832448459083,Sugarcane,2.05
2019.8990061777424,34.56884070401962,83.66341355488808,Silty,265.98514468519795,Sugarcane,2.72
2081.6731788265583,21.48534336161562,32.403329338219535,Peaty,251.680050620809,Rice,2.24
285.4006998293384,11.307186606222505,85.80804485277267,Loamy,38.11815379556543,Wheat,0.54
2902.7051250941554,26.0042806564805,87.36184600095851,Silty,123.40617151700357,Maize,0.79
1984.8037241949783,35.413196680293154,98.06816635700277,Silty,214.3785312539856,Maize,1.6
1429.119977975781,12.745973346979309,22.028059473236603,Peaty,24.2618899851593,Wheat,0.94
2127.799722143026,12.036775842795526,93.21709821011844,Clay,71.93620774722098,Wheat,0.26
2873.6227858569437,35.826392084351895,64.34832420091206,Peaty,125.88001872833698,Sugarcane,0.84
1784.9041893834137,15.552625667487186,29.613171824451374,Peaty,34.82179215207487,Cotton,0.45
2942.629480140224,16.13655944612685,21.37288814654002,Clay,147.4847625350497,Sugarcane,0.29
684.9652357480425,25.184807723329058,51.88037875178988,Clay,284.74371947741577,Sugarcane,4.12
1952.4077639998618,27.60976905030307,88.51918729506578,Peaty,205.1891308194423,Rice,2.41
274.23166951654105,30.502145344571215,95.2184193139966,Silty,116.45097786195657,Sugarcane,2.64
2497.790532083075,31.90788845355505,85.63414750170145,Clay,62.00530796302361,Cotton,0.13
394.2116424504633,13.527230048209933,21.45774605212398,Loamy,185.47616530136787,Wheat,0.62
2108.518273123811,21.9218599312484,40.85556225887225,Silty,207.8671076075818,Rice,2.11
1961.0399709836752,40.71152047344685,78.80568350431086,Peaty,290.27416545607423,Sugarcane,1.8
2459.137269948339,44.66767997002356,53.00941415291412,Clay,75.0049347648314,Cotton,0.1
868.0712074129525,33.7945672965086,79.19270083578996,Loamy,30.93716065077978,Wheat,1.53
1290.9306414137698,20.41723110782588,27.99879097294907,Silty,3.251295444089508,Wheat,2.07
2572.000803467651,22.42168166619522,96.54407081011651,Silty,172.03136643698582,Cotton,0.43
1750.3685465682422,17.445476325848013,95.69556343053522,Sandy,34.039380605234406,Cotton,0.52
1584.376853167228,12.01455660058255,63.96231058589884,Peaty,221.11066703730265,Cotton,0.62
600.3767097479404,36.65287211011153,69.45744506530089,Peaty,251.54422912919551,Cotton,0.87
823.2139691988855,23.882806068398814,91.35175270214214,Clay,24.40463419256993,Cotton,1.17
2616.7878615692107,40.81259890234459,38.9348154945663,Sandy,177.5666216463853,Sugarcane,0.1
1253.526839486564,12.922525084453406,82.17175327419494,Loamy,74.61724632908638,Maize,1.81
231.79020534877338,26.40312246979442,24.504262054546988,Silty,230.1584559325715,Wheat,0.75
2283.7926394412343,33.836379948391816,39.00051770339759,Sandy,112.46117385711122,Wheat,0.47
1421.7403284983568,38.07382371593569,98.23205350034166,Peaty,12.947973585172834,Cotton,0.41
321.52219323488373,42.36251655782586,93.52925722229276,Silty,166.15628532039622,Sugarcane,0.61
2988.327850082238,34.392376955233516,50.73614651033759,Sandy,274.5763025007319,Rice,0.14
2861.1521554143646,41.159232436182066,56.45254022285704,Silty,100.69801943908897,Rice,0.13
1189.3862384729478,30.427963914780523,26.218770957198785,Sandy,77.98495885627881,Maize,0.83
2154.8527992552863,28.763372822044214,44.76220930290622,Silty,180.83456460698955,Cotton,0.69
1827.2553393063135,42.17117931424458,26.61987360282449,Clay,165.476361763221,Cotton,0.42
273.8275285923056,23.176217840731738,84.84426646254663,Sandy,113.02169098138222,Rice,1.49
2557.9329847799845,39.341504664889825,57.49545278359762,Loamy,40.155635640189956,Cotton,0.1
357.8513906225959,40.265283168926864,85.03208073040621,Peaty,298.9910511221716,Cotton,1.05
2319.8273657188765,23.224769224652526,39.286786586370546,Sandy,38.747824545448495,Maize,0.67
969.2490316725446,17.252967715281976,90.25765339833538,Clay,107.44881540985214,Rice,1.27
2527.8401721750033,20.77220339198673,85.31085881704499,Silty,168.28139146061588,Maize,0.5
1329.7520253947116,14.690532995772426,22.302614105067118,Peaty,186.0928654060394,Rice,1.71
1902.6459787172787,32.28255125677989,64.38524868337805,Loamy,271.2476083481245,Sugarcane,4.43
1732.8496593175123,25.781865659563657,92.83770227226184,Clay,258.70911262402353,Cotton,1.6
2557.855962052387,36.91212094603891,25.29887822814927,Peaty,294.00977258564313,Cotton,0.61
1172.75754303116,17.319577687747994,66.37199475773907,Loamy,22.758998432599174,Wheat,2.35
1320.8413689487877,34.418365079392615,34.40538178794388,Silty,103.70018499715896,Maize,1.14
2648.089293592368,28.03326192024738,97.84882794160835,Peaty,57.68670564260123,Maize,0.31
1173.3338005515138,11.11316385198078,63.89722473659269,Peaty,138.23363040981772,Rice,1.73
2703.808336108592,14.506193940487536,46.40796106481243,Loamy,11.793641952329681,Wheat,0.83
1632.6396379323314,15.49421889506678,50.18287721936581,Sandy,83.06329444416112,Wheat,0.91
436.6476215059094,30.90473287894007,98.90055966934521,Clay,227.9866226812757,Rice,2.7
2706.5791455241583,27.908710474048313,62.569078821225254,Peaty,260.164494322417,Maize,0.3
1312.058731011431,13.670420828636832,78.99241648750552,Silty,6.0213593333179105,Wheat,0.64
1160.1952199791285,26.588947950069464,48.40834426234438,Sandy,149.53265967871718,Sugarcane,3.24
1703.8983170919337,30.53943913073077,79.6351579347464,Sandy,169.33756275679238,Rice,1.91
2008.5682757284835,29.977240663411916,48.4877380718277,Peaty,99.10454438427419,Wheat,0.65
864.2350168607845,13.562386541714131,32.22873113474656,Silty,255.24525535084388,Wheat,1.41
1349.1111155710523,44.383251591801226,28.963112173444188,Clay,172.799525341698,Maize,0.13
2623.419952503145,38.59752248322479,40.632226163595185,Loamy,246.25844194600577,Rice,1.01
983.9414622487957,36.93225266171779,34.96349988460187,Silty,127.63093158492504,Wheat,1.57
2261.4921143557667,28.544400811339084,76.57840765155555,Peaty,151.8311869078041,Sugarcane,2.19
1233.845348227709,25.899379027668488,63.88824943505226,Clay,296.98806971698355,Cotton,1.25
2116.8003340635332,13.075383893492988,31.10598187536163,Sandy,228.06835796690598,Maize,1.44
2424.0104599060946,13.734473753970262,88.05819680131637,Silty,289.5080731999538,Cotton,0.2
2246.428930570204,42.841915988736325,34.498645293252814,Loamy,277.93482707691334,Sugarcane,0.48
2426.7484732076923,17.056956201671056,33.09247542925636,Peaty,55.92149603644323,Maize,0.36
2062.55221794936,28.307289866919177,48.7064387298802,Peaty,176.49200273851702,Rice,1.57
1255.4444023897413,26.193792498436224,44.110229933131365,Sandy,69.6638085440452,Wheat,1.66
1296.1499085642054,28.61501178908609,25.329528991265356,Loamy,162.85479318402267,Maize,1.9
589.9618034574844,37.790881624460354,69.60582047428107,Silty,222.43827334171363,Maize,1.83
2408.072191428686,15.308620790646291,44.93776542364386,Peaty,233.5715817152253,Wheat,0.48
2334.8843200739334,40.68679728666123,47.366539897272595,Peaty,33.189521086562166,Sugarcane,0.24
1479.6006139886993,31.138525522537936,60.18306779700241,Peaty,145.90724459868233,Sugarcane,3.83
1995.2133720788324,34.2881955563485,63.417955467807694,Loamy,179.70880943319796,Sugarcane,3.32
708.4736070439919,41.79576964667699,66.67134358128963,Clay,284.1850018835446,Sugarcane,1.28
2233.067640974722,30.753701684058754,28.177013138015965,Silty,237.02539113722602,Cotton,0.46
2180.268176077516,15.338866501999147,66.10306881334506,Clay,20.676461810165637,Maize,0.72
2791.5918361389736,25.77937799914462,29.05904366726042,Peaty,49.65615311018693,Sugarcane,0.54
549.0555073691471,42.22946589160803,89.59170896497027,Loamy,177.38263072347877,Cotton,0.86
775.623463451785,37.57264610500724,68.29772253841112,Loamy,119.450608077283,Wheat,1.19
2617.8507937162794,42.30360811294697,57.25600978550506,Loamy,221.2503744329245,Wheat,0.1
2755.698496061561,18.687925496500316,66.21055632732379,Silty,125.67763485136437,Wheat,0.41
1214.7029175265727,30.32059225973152,70.58114303356243,Silty,63.804235302367886,Wheat,1.65
438.97907062020283,44.890598814608154,60.175600826499405,Sandy,92.98107788058327,Maize,0.1
787.7356606676401,41.43190013042498,36.41117123856057,Peaty,187.49279611531568,Cotton,1.15
383.98419039938665,37.14346658432537,56.26310677984221,Clay,160.33676737717408,Wheat,0.49
1322.1365704509128,29.587411595787625,32.419219674457,Sandy,100.30884339314466,Maize,0.97
2003.1987210692441,24.305695988433374,22.03090845282759,Silty,251.93665783697116,Cotton,0.68
1342.3565870215652,29.31029083407689,40.311085123464345,Loamy,151.65236373181014,Wheat,2.0
2027.6891019852492,18.33639733663543,27.955311420747613,Loamy,288.7947955664624,Sugarcane,3.32
2070.6383823978094,17.174450339553733,43.45181842088106,Clay,3.9005770532208106,Wheat,0.72
1379.9887416589943,41.24350988769412,85.39548493907527,Silty,100.75975714495053,Rice,0.62
1216.5657941462534,11.197983878718519,86.45236052521997,Peaty,122.82349565737213,Wheat,0.65
2855.6692594940387,36.72620279559163,31.209054061316202,Clay,169.73298598996814,Maize,0.1
2704.746235303456,37.99493395815603,54.017080357538674,Loamy,153.73729676457648,Wheat,0.94
922.0855192129663,14.877462592548845,86.79441894394392,Silty,39.682863337599116,Cotton,1.11
680.7020003752498,19.530756428177913,21.471254123797337,Clay,158.8985035965243,Rice,1.12
1751.6984070442215,32.79971359231524,86.37934429657614,Peaty,3.2987485975441433,Cotton,0.94
938.314647376926,19.327443767980878,78.57476627672499,Clay,180.15505813009602,Wheat,2.88
2546.699496899228,24.15335255421585,81.67291016514164,Clay,49.88501062682382,Maize,0.34
716.238577901097,13.161793620216276,81.67887404283829,Peaty,116.78868421259297,Maize,1.85
1031.9408037448902,29.824162410391402,58.08403217592797,Peaty,145.1264825797238,Rice,2.22
287.3127781715971,19.179241550493877,67.60623445602039,Loamy,253.92235479436718,Maize,1.58
2358.554170488301,13.730938859682013,26.0110225388647,Sandy,123.83806518202569,Cotton,0.49
2127.526709997661,25.218956851131118,39.712162659128545,Loamy,23.329603223687123,Sugarcane,1.53
1852.6458672334438,22.63408639290094,27.326565866130732,Loamy,288.6296357292353,Wheat,2.37
2860.6645906982467,25.61020205352845,34.81063430708957,Loamy,219.66746592286836,Cotton,0.58
1984.2484234105632,44.32018800629959,92.269105010882,Silty,66.36283254588066,Rice,0.67
344.468258644388,33.44711125925137,23.533235016808014,Sandy,54.17260353820006,Cotton,0.1
537.4632206021004,35.585828501039856,35.40792222285043,Clay,126.52879791915376,Cotton,0.5
1527.7998066408986,40.17149278462597,87.56395188280563,Clay,156.73037282135067,Wheat,0.55
1769.8961432098392,26.837165934543027,90.79986852186249,Loamy,101.96248913041984,Sugarcane,5.01
1802.797726413704,38.139194279031415,63.072119230463,Sandy,221.3567300719575,Wheat,1.03
852.2865293101745,10.85402735447883,89.60790991207439,Loamy,262.4105018052598,Cotton,1.47
1275.098891775232,42.64064682988385,25.602376459797682,Silty,15.805150793168576,Wheat,0.11
1957.0152970114361,40.57869899652186,98.72667753594361,Clay,27.50980053342904,Sugarcane,0.24
2265.2304444488964,18.357200101890584,28.837929050511573,Clay,88.89243613679703,Cotton,0.34
1276.1146120471087,33.78765489425744,37.46031102920513,Clay,239.39679664301502,Cotton,1.14
450.35080647432665,24.615327152472492,90.32946460497317,Loamy,271.11719015258114,Rice,4.1
1635.527830846224,18.073443410121556,34.12224256044066,Clay,11.019581227984087,Rice,1.68
2382.8365259869092,22.254384070835552,24.62741412507171,Sandy,155.47811000291765,Sugarcane,1.23
2148.8577305506183,15.386356721894927,85.26664999924942,Peaty,67.14528444678692,Wheat,0.65
1860.2318175567689,30.30301727432339,27.31894699182039,Sandy,117.35092982411393,Maize,1.24
1742.40063770559,13.044536596899356,52.676257045655895,Loamy,217.02603410657548,Rice,2.4
1691.2870543221338,43.67426904072174,28.757508804356313,Silty,22.839257847090057,Wheat,0.49
1799.6930373748075,33.17392035372976,63.50231263979194,Peaty,80.1084810508264,Maize,1.42
2630.8502513443314,18.584993628936708,32.58725277620208,Sandy,100.20266362357137,Cotton,0.47
1932.111859002516,36.34508238451744,32.68840842344589,Loamy,288.3945864554722,Wheat,1.75
281.89239249676564,38.90358626976669,30.309589397875616,Loamy,68.58754845747706,Rice,0.81
1620.9096545303414,10.223505510089176,42.96305065399302,Loamy,294.35585340822706,Wheat,1.39
524.3627989847214,23.184337669537957,20.725792372217995,Peaty,233.9536185453431,Maize,1.72
2896.377610805185,21.965525811354013,70.60975145071585,Peaty,30.75291839720378,Sugarcane,1.1
686.5097308611871,36.97989379893464,95.78383106050704,Sandy,231.29528775964064,Wheat,0.85
1938.563449748936,11.600971183437949,89.7229444921901,Peaty,133.78749210309644,Maize,1.39
564.2414723657696,36.539211857515795,21.96695331670412,Loamy,246.4538842222323,Maize,1.46
2844.0501778819234,13.576776689280164,88.33678195692528,Peaty,208.1046677344466,Sugarcane,0.37
2551.8520610829214,37.048797300588156,38.404294642514714,Loamy,81.9778580994628,Wheat,0.37
2600.6082578589962,43.7582165294573,80.80752627504778,Peaty,295.19329438794847,Wheat,0.2
1098.0796732267568,35.35479354149409,79.66696096247715,Loamy,9.340224865353408,Wheat,1.61
1520.2908882870356,29.013148202648534,32.73965906234116,Sandy,260.5869503866832,Cotton,1.6
630.2425068511154,25.879277211184892,62.42835149826049,Loamy,239.03934835920825,Sugarcane,5.65
1548.2625842351401,14.105786613683808,30.014863376204033,Silty,74.26198668101254,Wheat,1.11
761.4692347609429,27.20580913595029,25.13671496601073,Peaty,80.6980213305293,Maize,2.0
1307.5262348639124,44.114494815474146,77.7510102341548,Loamy,208.49456583796277,Wheat,0.53
2867.4161865084075,41.773652854462405,77.94282465011295,Loamy,31.47905352545246,Wheat,0.17
251.429383433512,26.882473354305706,36.827966393509485,Sandy,167.89460504607422,Rice,0.84
1114.0916630831773,28.1199075184649,27.02931993158667,Peaty,24.752560332126382,Cotton,0.71
571.604111320569,29.863929689154535,75.15719753098125,Clay,246.43221840295993,Rice,2.38
668.9512303253953,13.65987441170401,70.91441996349093,Loamy,268.8663908055115,Wheat,2.58
2638.71354648904,34.993042624634974,84.13824664558335,Loamy,145.3195342722122,Maize,0.62
2705.4866369694773,29.165733165380768,85.3838215969995,Clay,144.27114943469545,Wheat,0.36
2229.5143676473635,30.764752690856255,72.02353486987631,Sandy,261.5350699776605,Rice,0.97
1121.248825881054,26.456390744383278,79.54232524759645,Peaty,236.90955214274373,Maize,2.78
1718.940180014229,27.264689637432983,26.522119164194137,Loamy,204.0684727293874,Cotton,1.67
1371.5194082694277,17.125239811978496,87.23619250215468,Sandy,260.48175162251414,Rice,2.65
1168.6179791314962,22.986356704461095,99.01196509888463,Clay,260.10944883673454,Wheat,3.45
1428.1231737308533,35.38401811452978,58.93351531397623,Clay,179.3170695767593,Sugarcane,2.44
1858.5809200614142,41.932717096584184,36.85297512045332,Peaty,139.74384210607457,Cotton,0.1
2252.7164627627867,14.604868979454093,77.26599717456708,Clay,71.2629974771633,Rice,0.87
1578.3779980544973,18.653087604111196,89.65999210180091,Sandy,198.7863837024961,Wheat,1.81
1295.02830262493,43.92943128173506,40.6506746160902,Peaty,2.7091212388650754,Wheat,0.1
2915.498926219925,25.882633948427376,38.88403706771712,Loamy,132.60731213485727,Rice,0.68
1456.5772067279286,33.42866405107765,31.660525459580136,Peaty,74.61428177628898,Maize,0.92
1895.506841405672,22.48562185640006,62.680954023975644,Sandy,253.25113469075913,Sugarcane,2.77
1449.8322102352395,40.247566218595914,64.65121996750904,Loamy,33.575885819318366,Rice,0.7
704.0292249236259,13.099445447813448,28.264716569921255,Loamy,12.471857715117629,Rice,1.28
1312.6611677003227,26.796397855722564,74.87741887863874,Clay,96.93919712108357,Cotton,1.19
1643.6688800219006,27.109630308992205,73.34914060368834,Silty,37.722453541994646,Cotton,1.37
601.9186137103,42.893692717439464,78.63191346730734,Clay,56.50472512968043,Cotton,0.51
696.0194104526805,34.24190832791576,87.04922317184882,Clay,112.2890301419378,Rice,1.86
883.612413182648,39.08070169695969,89.16870687640294,Sandy,9.116117909051058,Wheat,1.0
803.8904267136081,33.060991458143,51.50915245233268,Peaty,173.15557101352445,Sugarcane,3.51
646.0048466798544,31.17338729416893,45.44892428944956,Sandy,122.07238821686119,Cotton,0.85
2267.6577859037143,40.748044645547175,52.331225732082636,Silty,200.27801566907542,Rice,0.93
2334.398377374524,37.92347771005221,54.84666518503464,Loamy,112.70167556451794,Wheat,0.81
1907.5290553963448,29.720362457196057,50.433576338623816,Peaty,134.6080867867592,Wheat,0.88
1727.9232877873255,25.554680846292054,21.173364563701107,Loamy,181.03457801441337,Rice,2.41
1718.6182619432673,43.30174958830969,87.77338890980593,Silty,7.692619741930706,Rice,0.89
504.971357170848,15.214714958956815,62.12990378151677,Silty,143.00864251234776,Maize,1.65
2210.7446134341844,43.443329358422716,21.45860661410893,Loamy,2.268862493442636,Cotton,0.26
2714.4855370599635,18.521880380170472,94.16276358370453,Silty,280.3308080416543,Maize,0.7
918.9743896174223,19.970551568667297,44.58319719410292,Silty,161.74838300257633,Rice,2.12
1908.9345932705714,35.065273597811775,41.8099200586827,Silty,246.95220467869808,Maize,1.36
1026.7792098168682,37.769254035174306,34.81827572379277,Silty,127.35822755890857,Wheat,1.16
1245.8271125074853,28.427471795382335,28.984347552897532,Peaty,180.48354604389937,Cotton,1.06
793.7255517430347,31.38433460978471,52.882277584536375,Peaty,271.7673314363281,Wheat,2.17
863.2375651285498,37.31839303353516,41.984482843850884,Loamy,255.35227825583124,Rice,2.39
619.1711102794816,24.83806845196557,32.23870406628501,Sandy,221.06212348325462,Rice,2.04
1524.09750377291,28.73753356449313,34.27567721822177,Peaty,192.59145013297982,Sugarcane,3.62
919.2747734080015,32.120542010714644,24.676369128684314,Sandy,296.3356560644662,Maize,1.39
1871.7313673079366,33.654443578058164,55.417357342362166,Peaty,215.27932969745288,Wheat,1.55
1144.2359717151771,41.693367731538586,81.80981819595061,Silty,25.69747487892916,Wheat,0.9
1868.1020389290788,24.041576991364394,49.35648633638405,Sandy,185.14673501869405,Cotton,0.67
2440.9982219026124,18.179922866865155,63.20095316836085,Clay,204.0395793310354,Sugarcane,0.91
1108.1345087230516,21.65506695703693,73.5589564158552,Silty,198.55175695481358,Wheat,2.51
1133.9947385221612,30.316625235083613,27.101391528621477,Peaty,52.590882707297894,Wheat,1.22
677.3382268869691,24.331724855182138,53.81512907169516,Silty,104.27145727169463,Sugarcane,3.21
1271.073584683223,14.194015070617622,97.93317029024125,Peaty,221.15406750217292,Sugarcane,4.27
882.2388049788266,33.504545526456305,27.434331550351196,Clay,236.3705964876795,Wheat,1.48
646.0512577331449,12.208816157770256,29.411922277884692,Clay,102.50235056907626,Wheat,1.44
445.3996909387479,42.7935238060872,64.3041792569901,Loamy,247.58583246986905,Rice,0.76
2774.2975250003688,27.39372190170406,99.372641185865,Peaty,117.31282891745232,Sugarcane,1.68
2805.6666010029653,14.072823925991663,85.39597667929533,Loamy,202.29114192271453,Rice,0.71
2412.085221659772,20.663769868431427,26.473542644100174,Peaty,6.868147492836075,Maize,0.42
2145.8630489268926,22.113490428822494,98.04881606879319,Clay,246.74416909030828,Wheat,0.99
1897.8386444134517,14.871930861613544,91.86093018341649,Peaty,95.25943436302111,Maize,1.35
1316.2564777624766,15.12308972567872,49.40275378332252,Peaty,7.743572084846095,Wheat,0.95
2374.8261653207396,14.271226824353825,67.54326004494197,Silty,131.85350658987304,Sugarcane,0.94
2584.0561851435427,10.011637714217128,21.41502476906058,Clay,195.060327719446,Maize,0.51
736.9908756572096,17.411437273291742,58.768126961509175,Clay,17.33416829890999,Wheat,0.43
1404.9440970249793,15.973266549249944,25.970385146966535,Silty,90.98254427027867,Maize,1.51
1930.5446880041209,32.161636910471245,38.31156838772909,Peaty,184.56583146930328,Sugarcane,2.16
686.5072678544246,32.950328539657974,87.84127081995211,Clay,39.213113022059844,Sugarcane,3.03
1191.8614732453686,28.3926617689024,58.530787722788986,Peaty,116.12362810068925,Cotton,0.9
230.8875404002122,24.565389936291652,58.50753213082589,Peaty,228.0869469366405,Rice,1.82
1105.8011057521267,39.200617808416865,70.3439044808589,Peaty,240.46113356489687,Cotton,0.51
319.37298600369166,22.999299867754928,41.268090932345075,Loamy,136.31320036798826,Sugarcane,2.48
556.1593355248589,40.26311372491462,39.47823747238938,Clay,142.80543881062997,Wheat,0.41
1919.427671317261,40.084783107643105,51.39149772227796,Clay,267.6254066820703,Wheat,0.83
2839.927195957133,38.31092115727148,26.113348755044115,Sandy,252.2614738277768,Rice,0.1
908.5636118421968,37.34096483254217,86.0105756742963,Clay,115.90467295449464,Wheat,1.05
1651.5424614465715,15.255915028596458,78.99470149771885,Sandy,132.9819262330855,Cotton,0.9
306.46117506487377,36.11725401186435,72.72284273629447,Loamy,21.37701832957758,Wheat,0.43
1179.1690432883788,37.11287359134137,72.90964888563315,Silty,106.45240807706712,Rice,1.49
475.5078191975125,33.110595189546835,81.14981297773888,Clay,6.283488309273844,Sugarcane,1.9
837.9587691207079,44.15967973595774,73.38803184371427,Loamy,36.41592544782193,Sugarcane,0.86
2368.9745857858065,32.53664887393957,62.42417065993266,Clay,96.66465103338851,Sugarcane,1.38
2294.6049024026897,38.41194258315481,72.51828858652021,Loamy,13.120687763990846,Wheat,0.97
2798.6341929129394,17.861546414534818,49.77336190700107,Loamy,165.0275821374468,Rice,0.76
873.9395931310139,14.252548170532133,35.79763918879499,Sandy,193.7432437965618,Maize,1.31
2080.073817705001,21.09228670707307,90.34149279982705,Silty,275.67796009186634,Rice,2.21
2939.5123806416686,36.186716709264914,64.62505804088559,Silty,16.157462099407837,Maize,0.43
954.1276352456701,28.88446771734268,78.23577413845945,Clay,39.51863203636857,Sugarcane,2.89
1616.3875402651213,39.424605980392,78.62412358130004,Loamy,227.4555033229612,Wheat,1.66
1623.409531365584,20.414195796158722,65.20175942872129,Peaty,28.127076193666987,Sugarcane,3.05
648.2005778728044,26.154511604692647,20.746529586167462,Sandy,222.513618453879,Maize,1.69
2977.0678637782175,13.471233485552556,52.11954526890306,Clay,197.2680938334069,Wheat,0.77
1924.7592607285012,16.580865711539566,48.43076549485915,Peaty,161.60870020291173,Sugarcane,2.49
214.64291792015567,36.63467660098328,22.824908395219126,Sandy,3.3094842787397383,Wheat,0.27
1115.4085257466215,15.211081761635564,44.44833723921719,Loamy,298.9003012881742,Sugarcane,4.85
1279.0524725326131,32.51778129691245,82.43198209178196,Loamy,41.34686974777062,Cotton,1.15
1326.5159491223567,40.59918647135832,60.808776999906016,Loamy,19.456078344890503,Rice,0.6
1772.1568462866665,29.623103304565984,68.27901332771638,Clay,179.81068969888017,Maize,2.25
1595.1159103376701,12.69703976970159,24.684074339518336,Peaty,223.77756264410235,Rice,1.26
2181.506617274564,37.601523763534225,61.38152451532875,Peaty,44.23575801188518,Wheat,0.24
817.7134675913915,30.93788529223086,78.85304913913518,Loamy,220.08474901269375,Cotton,1.85
685.7442079446803,32.31436425645804,59.69331072905756,Loamy,205.77338131495912,Sugarcane,4.73
1845.754210414155,16.45666885967738,48.97883533218307,Clay,49.58823329105236,Maize,0.48
267.73693889579465,39.10939652865207,41.845664797824995,Sandy,278.88507686270526,Maize,0.96
2557.4139870170643,16.513549624619706,84.21146478365684,Clay,281.20598826475936,Sugarcane,0.89
573.7439227646425,12.821052981499363,78.23514455790121,Clay,272.81705760251884,Wheat,1.25
1316.7408831704424,42.29180703307264,57.76483473575986,Peaty,20.687404906926353,Sugarcane,0.62
324.8657434442923,11.270066791472576,42.057588247644176,Silty,236.13798078048123,Rice,1.27
1459.271558861512,37.18486949343134,25.229292605150818,Peaty,255.92688702109513,Maize,1.17
375.4289696749927,41.72531086705438,31.139629689407613,Silty,94.55685632920769,Maize,0.58
261.1055109713706,33.23263901614562,97.07155473708403,Peaty,15.677363785807131,Sugarcane,1.56
2405.596443477584,31.854890626510482,59.55849050360744,Peaty,76.95901873327435,Maize,0.23
1147.1366949305755,20.804456018061835,95.76287901909784,Silty,104.85191162604563,Wheat,2.45
261.69844883301175,35.200281388208964,53.43919470963875,Sandy,255.18481735234135,Wheat,0.54
2608.391141378418,35.298500612296934,25.413468952000127,Sandy,163.0614652027938,Rice,0.29
1557.1496039641315,15.80210890571465,95.65585176002259,Sandy,200.7067011987325,Rice,2.28
2297.994395548174,20.17056459322243,82.95761079341331,Silty,106.79201213845582,Maize,1.31
345.4784171519516,37.51973697844116,36.10910257087795,Peaty,49.411906029688765,Sugarcane,1.08
773.6675676219952,40.72405273532143,90.36654839612234,Silty,76.6480033966814,Cotton,0.99
1463.4701637067667,44.47463796493063,81.76099810479923,Clay,19.561377378147615,Maize,0.38
1593.8750224960127,13.69157949848207,72.54240837794353,Sandy,119.21441714559495,Maize,1.54
2371.713182590917,43.75668288652841,36.30131673021513,Clay,28.210831330279905,Sugarcane,0.26
1976.8307691408504,37.92699558655629,51.677637812996394,Clay,47.3864468506044,Sugarcane,1.57
1761.896537401764,15.81120096956684,69.07785109113411,Peaty,271.8429764297299,Rice,2.45
1874.7153622332503,11.168426062523343,49.09544998049122,Silty,246.113252234692,Cotton,0.27
1432.9055714313772,31.53543087744307,26.677126799150663,Sandy,241.08106063246055,Wheat,1.51
2070.175996650156,32.21349456388795,33.2763916236628,Clay,128.24690637618454,Maize,0.96
2123.2107934900814,13.256067026100952,22.349132728191385,Silty,267.0774159053406,Cotton,0.67
510.0956468930827,36.58538435401211,99.04524533222192,Clay,246.4910693131415,Sugarcane,2.9
1079.3702259796496,18.901269341241086,85.54040838971689,Silty,100.56241421126182,Rice,2.54
444.1025099291273,35.167710657384944,53.609498227817994,Clay,104.38242347464998,Rice,1.09
2296.7137434972583,32.7901654708586,69.67428539827449,Sandy,252.43426592542798,Maize,0.74
287.1236797686015,35.875315730767056,28.507498100461966,Loamy,205.89815900582923,Sugarcane,2.12
2108.674550724536,15.849620401492743,72.42259277533265,Sandy,251.112337572882,Maize,1.27
1054.8698947508476,17.442553172988365,22.655148364994098,Peaty,122.49190282783533,Sugarcane,3.09
2827.2534916557515,40.49215687920682,81.28518212282421,Loamy,17.728167023475983,Rice,0.48
200.52751875842932,15.917837462459737,51.180750994119364,Silty,114.48358196016002,Maize,0.98
1355.7311619448728,38.08240152057425,58.325605048268095,Sandy,12.607402551421586,Rice,1.06
2550.4905466021473,44.36295426412197,69.70755978028237,Sandy,91.42532861584,Wheat,0.33
988.2593555618039,40.54638438481447,29.00643123295496,Peaty,162.2095429934731,Wheat,0.1
1875.4009560337247,20.403323269801604,43.993528920558774,Sandy,14.442850793506034,Sugarcane,1.5
2656.270480054161,40.70416169891628,46.432640310061906,Sandy,296.7085075050522,Cotton,0.1
1401.7112615097992,19.372183642091695,83.13286772709851,Peaty,156.43370671307684,Cotton,1.67
906.4602995503384,17.70788554820603,59.0699703186351,Peaty,28.15718544700686,Cotton,0.49
1154.2839594115705,15.768863637136672,33.6465529245672,Peaty,189.3922659275966,Sugarcane,2.9
2408.646338935007,32.386194641218864,74.11410898707138,Silty,31.2674408425043,Sugarcane,1.46
2861.4869472413698,31.022787329192454,79.48751329412478,Sandy,80.68768374794132,Wheat,0.25
208.17889133981362,11.391808774599934,68.32573416569754,Loamy,42.007229265995306,Sugarcane,0.38
1524.3197690674285,31.78818935054108,57.5795010392547,Peaty,142.28652612937816,Wheat,1.21
1646.4033596487413,10.192702970614729,20.613122611938024,Loamy,253.1773837835172,Wheat,1.3
1801.7362014340424,27.943370408474575,43.47910585664973,Sandy,119.1045123711575,Cotton,0.6
996.7744449361131,38.63723340618866,62.52795716835447,Loamy,152.22358161534265,Wheat,1.37
2802.394744524719,15.782137876824756,51.189788235323526,Loamy,123.30632257966373,Cotton,0.1
2199.291404507198,31.276682493174633,44.74981742902257,Peaty,215.52876894562058,Sugarcane,1.78
921.3002169344212,12.08336451217201,68.30363623595102,Clay,77.00826849301376,Sugarcane,1.96
1274.7488725259425,25.96827781344397,49.52424174087333,Loamy,178.8964556581105,Sugarcane,5.07
1099.0270718437405,36.24477675527632,53.014026086671734,Peaty,203.60098700176945,Rice,2.25
2686.5093802083297,30.95423408116841,60.17228879695895,Loamy,273.98608427287104,Wheat,0.51
1986.0558594581748,35.93434375961024,62.39932183411349,Loamy,160.19024176432913,Rice,1.64
232.77851004653138,24.771199104467364,43.6032566123325,Sandy,25.3177141633627,Rice,0.74
2486.8249671639246,12.358459417493288,50.99140685349275,Loamy,128.97932321704445,Maize,0.1
417.32100524803445,28.9887028986288,88.93939959346363,Silty,67.88373246426954,Maize,2.28
2326.1828721073166,13.46057661742224,91.17216264140531,Clay,111.01570040227658,Sugarcane,0.62
1300.3278309668156,28.403440960566332,60.93451092652094,Silty,129.15880153866226,Sugarcane,3.96
1648.2702688001293,23.261859732058504,20.536831224324796,Loamy,122.8886684685696,Wheat,1.77
483.527760922445,39.649882139282475,62.48682759081943,Silty,174.06645563550882,Wheat,0.8
580.209331779024,13.475577096379254,36.7091256564592,Loamy,116.39602798406085,Rice,1.6
1307.2159503801602,20.96221913745609,31.76494804532707,Peaty,86.77343159179635,Cotton,0.8
1249.4499897890298,26.590224996910457,55.53021705326013,Clay,248.01220792244624,Wheat,2.61
446.96477061163796,31.24070695519255,32.1267434295904,Sandy,115.65357142107669,Sugarcane,1.7
1690.321087217133,15.891793457169559,39.752594133406845,Loamy,106.85569413527824,Rice,2.02
926.1377124878645,16.811834284670518,24.61180657592199,Silty,70.51116444114753,Maize,0.7
1825.3092827823489,14.871884547099341,55.523499936176236,Clay,146.66934953773543,Maize,1.53
2390.6873224882443,35.71022730924946,44.03915084803459,Sandy,237.75641758887573,Maize,0.32
310.4866920945181,26.644111312038934,63.44196671661305,Loamy,39.711713710491736,Maize,1.02
2746.4729106242776,35.27501324095671,62.670930301229006,Silty,11.394468986956042,Maize,0.1
2106.1165002893595,26.337372703091578,22.756900754,Sandy,284.73364292683215,Rice,1.37
2946.7646588555185,26.91926025906013,89.08380180116362,Clay,147.42545325856702,Maize,0.72
1282.313419104478,27.89464117702629,59.386038400094556,Clay,217.71493896598471,Cotton,1.23
2946.070162033602,24.265447300083594,86.20151376850424,Silty,241.9768026978831,Maize,0.65
2591.093507475182,25.37024358218119,87.75750833656484,Loamy,93.56972400128414,Maize,0.58
1455.293355034382,27.865137115148126,70.12740088745682,Clay,143.05304049534513,Cotton,1.96
2004.5167759388942,38.69292317446546,46.67258577272884,Loamy,63.21148916016095,Wheat,0.83
2421.5032400549735,44.66911114695467,36.0520813923009,Clay,248.5407898347351,Maize,0.34
2273.3331694698536,14.99976005552935,80.27423378055752,Peaty,246.57799078197888,Wheat,1.05
2345.1246118276413,39.60725038872063,69.08832913899667,Sandy,216.94484593938884,Sugarcane,0.47
1176.697495114542,13.884933457696018,84.65881680073777,Peaty,209.32688282202884,Cotton,1.19
2874.322580416764,28.29018097678608,43.96525423630991,Sandy,150.18728042112534,Rice,0.36
606.5502360770488,34.853851974759735,73.34835368114142,Silty,259.02023005710055,Maize,1.63
2449.751681231277,42.52298187711489,52.408215562205314,Loamy,6.608076367145099,Cotton,0.11
813.967093386852,11.178421237485544,37.17024586070423,Loamy,194.3452337971585,Wheat,1.54
2215.416069393121,40.34267139231593,56.315747848668565,Silty,187.43515883682073,Sugarcane,1.04
1496.8836069037568,18.212870462154726,44.25552475688369,Silty,42.862788401823515,Rice,2.34
1324.0477665569422,15.551845058423229,90.55937357773087,Clay,216.5164658151538,Wheat,1.8
200.3771404125589,27.889519873303044,23.74815268220825,Sandy,18.80688648655976,Rice,0.95
1507.51039989811,21.912976120701693,95.2358804588938,Peaty,279.2662116182425,Wheat,2.59
2559.593326049554,20.96717711548001,83.11459774208058,Loamy,130.14522587295886,Wheat,0.3
1256.478251937706,42.77124038892049,74.01120489197345,Sandy,206.10577995097282,Rice,0.81
2563.8963667362914,33.65467112625177,31.129267911287002,Peaty,213.91381519029562,Cotton,0.24
711.8602626393213,19.745379288765207,30.368052095635356,Silty,210.7621504604421,Wheat,1.7
2003.6178201325645,11.686510433765369,48.80403727207827,Silty,259.7460495667066,Maize,1.01
1481.558894446023,17.31089534018073,49.49657366918362,Silty,0.8643754996843778,Wheat,1.17
1364.2330019248604,35.18788358136857,49.692929182859345,Loamy,219.14890828763706,Wheat,1.65
2429.4736675759923,36.39080622249338,22.875093993724267,Sandy,40.98027109535178,Sugarcane,0.1
2005.5312912624786,23.829581766402615,77.05655066260942,Sandy,267.0645007908523,Sugarcane,3.58
320.4194652274306,33.34033311928226,85.86475438565743,Clay,163.14171835987122,Cotton,0.46
2750.992367748674,39.33928758409967,76.75063736699127,Clay,9.426546453381878,Maize,0.4
1332.0112923136335,28.582818744423285,67.61053399245452,Peaty,139.22854783605118,Sugarcane,3.99
2334.4652896614284,25.922161132765545,41.38021038348762,Sandy,156.3888142962417,Rice,0.59
2599.9627675975903,30.137439113804458,26.11079559931648,Sandy,36.06216873617287,Cotton,0.5
825.1374794145497,32.46509855993744,65.65196991047479,Loamy,198.90220384253277,Cotton,1.34
2927.7444426858,39.64712894443648,21.88759717164233,Loamy,248.92893608629348,Wheat,0.1
626.5177998555007,41.48093243911356,76.81083454384526,Peaty,73.9810904934074,Sugarcane,0.81
1525.522468185755,12.090077113981126,73.73138252368238,Silty,287.33694029646114,Wheat,1.75
2022.6805383306034,32.560691115982024,64.90348343587222,Sandy,61.49436285804492,Rice,0.6
748.332635575956,14.928103211243663,69.79309132527973,Clay,94.54411173976598,Maize,1.51
1980.6731800584398,23.585799714444843,73.93042364288505,Loamy,242.95805620817586,Sugarcane,4.59
1144.5523948476657,35.374340947341835,63.10504072316952,Sandy,206.99992119268302,Rice,1.68
575.9695825263715,43.52769423698697,62.37277791564959,Peaty,284.7213588944532,Cotton,0.92
1938.5440526095826,42.5031100455209,80.86834756115965,Clay,54.09238062683344,Maize,0.28
785.7193031421979,11.749266003088756,87.4919731241459,Loamy,237.94286219902182,Maize,1.8
1297.2032299454208,33.06898175643343,28.711465118483126,Silty,285.4289431085497,Maize,2.21
926.716992893053,25.294855998296732,67.48487483030289,Clay,294.35335102868834,Sugarcane,5.27
2522.296555483835,35.62429123950345,48.40328451615666,Sandy,288.04068132163417,Cotton,0.52
2364.649316752905,20.849997801012627,38.563186312088476,Loamy,199.98014371398577,Maize,0.8
2888.469797240487,36.72526741033004,88.4165588014696,Silty,3.6309350328322276,Rice,0.14
1745.572845938019,38.166359269639315,23.68453873519651,Clay,96.50099689786458,Rice,1.23
1641.114127940029,38.28964038445781,40.30568625253559,Loamy,8.750929093579341,Maize,1.97
1548.338152772392,32.24052759808329,27.25773617879448,Loamy,17.310878524769656,Maize,0.95
971.5342298145536,31.77138468298478,99.39538314998232,Peaty,169.22220865005534,Maize,3.02
2726.2619296942667,40.7074464271841,97.94977909434061,Clay,251.9448486436593,Wheat,0.14
309.00389731186885,11.260658640199924,34.01774176846619,Clay,203.86497814017252,Wheat,0.61
1422.519731352545,30.30310921343091,61.33587081810142,Clay,251.8978967126371,Cotton,1.63
1188.5410964808466,41.293300588663776,95.71652105203243,Peaty,125.83439818719407,Sugarcane,1.17
914.8654142110086,20.349313591456145,67.50419846476925,Silty,190.81274063399047,Maize,2.68
393.2212593158856,42.92745821760877,60.55363503694677,Loamy,28.515913659807836,Maize,0.16
2142.1305609266265,36.98929855481603,72.37205494927636,Loamy,154.69782175693604,Wheat,1.29
1709.4647476608243,19.88653492295013,54.01825483501551,Peaty,117.54718898505,Cotton,1.2
352.9763760027224,44.05773570403165,38.09002649997375,Peaty,91.1827536765082,Maize,0.1
2671.656265885582,11.816533025555815,35.28949675968021,Silty,67.28804498551352,Sugarcane,0.54
1383.3617516381055,20.602581697415022,46.02361072184249,Sandy,75.84408182676017,Maize,1.58
708.5191097184875,22.982935285521783,92.155215739932,Silty,295.45752082874276,Cotton,1.64
1265.9311072504242,24.506440043877014,80.30637604553749,Loamy,80.70589403949315,Wheat,2.51
952.7708788679614,31.99519165966496,58.54939834196933,Sandy,180.46616378994722,Sugarcane,2.83
1768.2567528415073,37.325614862031536,76.67917579942379,Loamy,110.78423106466232,Wheat,1.46
1456.6782080904968,15.565875130909145,34.41566033025183,Loamy,241.0554325304803,Rice,2.82
967.4004501581348,38.24748163533461,35.61924823651936,Peaty,64.01800439270686,Sugarcane,1.66
2939.8713114895936,39.97880283117744,76.09358892722078,Silty,201.31658515797432,Cotton,0.15
1265.4495876357046,15.706236792605685,82.89645218088464,Silty,115.30651155724047,Maize,2.28
2390.0795366554894,14.353399093446352,83.80378884297596,Sandy,291.0771329178171,Cotton,0.4
1603.0460647341517,34.716761403717555,62.74324415149407,Loamy,128.8787830728194,Cotton,0.91
2211.6710525031403,40.19241649022126,34.340448952623206,Loamy,285.740135006354,Maize,0.74
2096.0267548814863,31.876021512982202,45.3239732214296,Loamy,150.45463844392015,Maize,1.52
2581.9047296935696,44.36669943267887,70.23947060832785,Silty,202.20597571763778,Sugarcane,0.1
1352.6352892787668,42.72480511435679,54.4432167605752,Silty,121.35821567216091,Maize,0.35
1196.393325925792,12.93718375375003,46.67700748768084,Peaty,21.633327878830556,Sugarcane,1.54
2386.788502121976,37.48440840306053,68.08821564994626,Silty,83.35583282691368,Rice,0.57
2835.5628550771844,42.015589023477624,20.91845277995023,Peaty,293.131269915472,Rice,0.6
2172.752398476847,24.79550229128763,47.721933436217455,Silty,22.2126653737044,Maize,0.69
774.9322283790394,26.90638941456115,41.482700485408586,Silty,164.881880559227,Rice,2.15
411.63411879138755,43.299812729594805,43.78326322458669,Silty,179.71337614511447,Sugarcane,0.62
457.86670905212657,29.368265564434758,71.33055270618837,Loamy,111.97794433882767,Maize,2.4
1908.02076782256,20.951758797477687,41.68770030112526,Silty,0.605555324470175,Sugarcane,2.14
2850.8544409855076,13.706703154131517,32.38628900781759,Loamy,220.96056850043777,Cotton,0.34
2163.190864368926,33.80391599064404,52.65213526933585,Sandy,115.68405385969442,Wheat,0.26
1717.5722096913446,42.887802895272785,37.63869547786433,Sandy,251.94048199932803,Rice,0.17
2061.9846454657663,27.431413756990413,79.4259979925053,Clay,27.78764491541016,Maize,1.36
436.04368091178105,38.25162615769158,88.90557006520726,Silty,130.32099570198292,Wheat,1.05
2077.891471070511,34.53036725515012,36.32197325908629,Sandy,245.51086994440118,Sugarcane,1.24
238.4875512317667,18.693169112943007,37.15251863945316,Peaty,23.14355056187456,Rice,0.8
2251.6537294012624,31.235610365110276,73.82973348784638,Clay,111.66011754756578,Rice,0.82
2677.900062905646,23.414948387477047,59.48007937235266,Peaty,236.0308510071382,Maize,0.99
2266.168701391271,28.250715845840805,25.476697546686246,Clay,128.24869510702774,Cotton,0.61
1836.4569473207928,28.84161801394997,41.508281150575485,Silty,274.5771554753469,Cotton,1.58
1472.1671845894343,32.05865268096552,39.8706886994566,Silty,250.0929402431875,Sugarcane,4.08
1698.0714128770119,15.053567124678352,82.71898869514843,Clay,247.42297120410228,Maize,1.69
1852.6514456224998,24.26715002928795,57.56204336350901,Silty,63.00880485488448,Wheat,1.48
2340.4340386114122,24.33848686815974,72.41389716194703,Sandy,277.2080611277199,Cotton,0.72
2668.7337131618224,38.49439899569066,74.81074478995873,Loamy,241.75335978534991,Wheat,0.1
1067.459250902913,18.748493123916745,61.20045277677785,Sandy,107.06579255133306,Rice,2.02
1061.8283287060879,41.98259553556407,96.22520136020049,Silty,189.6649793261847,Wheat,0.96
1615.7756295814847,42.939228438678576,90.10555465138492,Peaty,271.0675330297591,Maize,0.52
1660.478308831803,37.80699717769717,90.7501237618377,Silty,257.62928380484163,Maize,2.27
1360.6449814870184,10.463786172636869,43.67543110869253,Peaty,123.32808266413193,Sugarcane,1.49
662.7965724002809,10.06972473266746,77.49916942828241,Silty,154.48000497397783,Wheat,0.83
1166.6438702759228,24.49703239501406,78.59310918501349,Loamy,72.46105251050453,Rice,3.52
531.5621096926093,17.416301565403817,44.88019957861442,Loamy,100.70214991171788,Sugarcane,3.33
1801.354170781682,44.518633518299055,53.17886615739768,Sandy,128.68330002904327,Maize,0.1
2310.064966088108,17.12834982204397,46.204173214410595,Peaty,261.1580898808153,Rice,1.53
261.9961313233625,43.07899660646031,75.7301816973912,Peaty,35.16117170407003,Cotton,0.23
1634.3973202817583,14.000001949929281,81.18407779674217,Loamy,61.29491501969109,Wheat,1.48
2864.037680431907,37.177125592785636,68.90692817733175,Loamy,20.713771894379917,Cotton,0.44
821.321290196244,35.012444621805344,90.52507639526056,Silty,209.18262571615708,Wheat,1.96
1502.1546952418043,40.59597387549591,36.2749180108873,Silty,100.0885187510597,Wheat,0.93
2497.6765214944426,24.159902974140607,58.747554103320695,Loamy,22.70991819293624,Wheat,1.3
2449.905446495289,41.562090999118,36.27781939980767,Silty,54.51698796844695,Sugarcane,0.25
2948.7805590591965,25.766750001470836,61.06945681799324,Silty,299.1547061708851,Maize,1.03
319.9451543335171,25.62354115921182,25.60028097064526,Loamy,211.99027904027892,Sugarcane,3.36
2038.8425572205024,34.8067979330204,20.669094550148568,Loamy,249.410311866591,Wheat,1.09
1245.0752378618547,32.11960381386662,27.62972818184469,Sandy,174.30452801253284,Wheat,1.69
2304.8915787083533,38.105072518524295,61.44064531236999,Sandy,4.388477663302714,Maize,0.43
1937.3265981455177,35.97886155196805,33.59048048405882,Sandy,104.08879792036753,Cotton,0.29
1895.1529210212443,25.160708896030823,81.94421463556762,Clay,173.64202635358217,Rice,2.15
1059.332636944796,24.523992539002737,77.02221409734648,Loamy,55.611833724753446,Cotton,1.38
2741.9478388738953,27.74708763585514,35.03363046522584,Sandy,175.40042704974744,Rice,0.1
1271.836540421886,38.76408313048758,72.76086149126161,Sandy,81.58381182553462,Wheat,0.86
1981.8479882934482,21.357913006136975,41.56094898338181,Silty,138.93441415125343,Cotton,0.82
2033.1854109976375,38.831858852969305,25.051223434191307,Peaty,244.48191856216175,Sugarcane,1.43
2402.7833539804656,37.078189771348306,79.82708595296575,Sandy,129.7038679210042,Wheat,0.32
1499.17236810039,19.240152248581303,53.21927778672324,Loamy,247.29806756378076,Sugarcane,5.32
1104.4765681114627,41.4271715435183,91.04945511472286,Peaty,130.9258796188779,Cotton,0.43
2511.1638595470545,39.57049717143302,39.920698888727195,Peaty,20.176774190210356,Maize,0.37
2602.465158820242,44.91699040907548,39.319718820549426,Peaty,95.43133407104162,Maize,0.26
262.79248965375433,22.614938949952013,82.69906008601892,Loamy,4.109565122674363,Sugarcane,1.85
240.26804900183805,36.75236852527496,69.89944678912073,Silty,11.681405006299684,Maize,0.86
214.9692503922205,42.84448103503504,53.185209551115776,Peaty,176.08095196767212,Wheat,0.28
2252.4101349593893,33.66438891559016,31.074839466351545,Sandy,68.66263874504969,Maize,0.31
2631.5502062358696,23.269468043147647,49.718875492754734,Silty,158.3032398665085,Maize,0.1
1583.6134777860716,40.136585482615914,56.8933521003128,Sandy,151.20112907889782,Maize,0.38
2531.929325233412,22.685096291554018,89.09131370372928,Loamy,50.2071096710343,Cotton,0.36
2927.8934316053173,12.443022911512012,64.3750167824069,Sandy,190.78209804801327,Sugarcane,0.32
1358.7169028982285,17.145829570888505,23.38738230179071,Clay,200.32817748094587,Cotton,0.87
1473.642839848031,33.99951900267754,92.81704278942053,Silty,146.5486897979716,Cotton,0.94
630.3349199637728,30.041253150870784,42.1610019460783,Silty,23.567349277118144,Maize,0.74
345.570185537581,11.111031788054602,53.8668115322558,Sandy,182.05408666204173,Sugarcane,1.5
889.6008526694884,34.173791990180234,67.74211359693517,Peaty,292.8560924964251,Maize,2.22
2447.392874588203,44.90332649662609,22.402080426351425,Clay,207.36354281596212,Wheat,0.37
1502.0266490739973,39.65857756999808,24.991525487862177,Silty,104.2521247275543,Cotton,0.38
398.89768932320595,17.377758554251002,38.34926216301379,Silty,16.56675622290854,Rice,0.79
409.4993745459245,25.345985033770233,62.3905008870821,Peaty,227.78775207554207,Sugarcane,3.62
1113.5109705152108,20.478418079687188,38.600479376626495,Silty,247.9855036507466,Sugarcane,4.11
1194.8952957268857,33.589797285100566,25.005187377556126,Peaty,51.034625192784446,Sugarcane,1.92
2621.0449812027923,15.422385890020493,26.61894684945519,Clay,248.79427023772783,Maize,0.1
1777.5434205547915,38.13317116692163,30.971879052219453,Clay,151.65262811695916,Maize,0.83
2955.856597856415,23.84977872508274,77.21491638241929,Peaty,125.58218247549898,Wheat,0.74
734.0327652545051,22.147182897478825,63.77900163365145,Silty,233.11478569552685,Rice,3.17
2552.3026196297596,44.63078958377697,91.16154488350105,Silty,4.746951599046245,Cotton,0.1
1570.2991047384485,35.95745081426148,59.405525660263805,Silty,206.11174517474416,Sugarcane,3.44
1339.053442664826,21.488158698741877,56.31919289597592,Sandy,154.1552203729794,Cotton,0.98
2691.674434125762,38.62497069792603,60.81187043650586,Peaty,173.79433999858136,Rice,0.23
2916.658964361655,42.631296538010716,79.32820955614284,Loamy,42.367063011944836,Sugarcane,0.5
662.8464011862916,39.899127614906746,59.26120053698884,Clay,270.95723365032876,Cotton,1.09
1239.274644854688,37.49750862351945,40.22387552126184,Clay,110.21721860912113,Maize,1.71
1144.9449118897148,35.53123194410823,65.85785555596732,Peaty,52.53694203910597,Wheat,1.95
1849.0126098475796,36.30866602080218,69.87822644154372,Clay,237.77844396274043,Sugarcane,3.33
1254.2848058100353,18.12195088954046,41.22960892815804,Sandy,105.36581620463427,Wheat,0.91
2855.808241010945,43.06330062598833,68.79532468768414,Loamy,71.4439960997089,Maize,0.1
1851.8540718450645,10.22523240238785,81.80130288635232,Peaty,46.34766120147774,Rice,0.88
2171.4331596997495,42.73102303542726,50.064401267686904,Clay,51.21250899374405,Cotton,0.59
2336.1013395522195,11.590837515252858,71.72803551589296,Loamy,184.53874216235994,Wheat,1.05
545.52228257567,31.921282307966827,42.27765831420419,Sandy,131.45358397450335,Wheat,0.97
2428.820726796393,36.38069246498016,37.240060709404084,Silty,217.3794860542887,Wheat,0.1
685.7889409940617,23.29130330217611,84.11566209783629,Loamy,225.2308947633167,Maize,3.72
2024.2439133208989,17.37735072741409,64.51649646603651,Peaty,169.7344664522989,Rice,1.99
1407.114734271614,13.064203240972322,42.62409045363998,Loamy,103.52512365397011,Wheat,1.06
1130.1755986525004,20.282156716103678,23.319933374646354,Silty,179.1877261060408,Maize,1.77
1934.9245954457824,30.98696489609725,60.50642474834142,Clay,273.879301432407,Sugarcane,3.03
2897.408897248906,10.35995735774922,77.28399785937157,Sandy,104.06579290931568,Sugarcane,0.14
1439.834782322465,19.136698418219684,47.47093617421154,Sandy,280.6453540582487,Rice,2.36
2800.1655739231032,12.163296124122791,27.38884224891028,Silty,81.88499841944635,Cotton,0.14
890.6441242551382,26.483608835215673,72.95309061096091,Clay,194.25493945300894,Rice,2.02
696.1390028313351,20.299335782299003,29.183754180102408,Loamy,16.681656504138186,Maize,1.61
1351.3529688711283,24.08421907547591,90.7669510583691,Silty,227.2393336352153,Sugarcane,5.62
1078.8586142420763,34.18695344587416,41.73065450194957,Sandy,218.91357194922668,Maize,1.36
2526.6576789541914,14.196188271544923,78.79406779159154,Sandy,35.077060657617444,Cotton,0.1
1579.894836691909,20.497972442195792,67.68655641906449,Sandy,49.32165872366362,Wheat,0.76
326.697729252886,17.626804788820472,21.214150582946154,Loamy,279.4664742928443,Sugarcane,2.34
2644.454303283205,28.31000572440078,75.97519272469668,Clay,168.1739427003146,Sugarcane,0.83
1815.2006671715608,26.23935943584106,29.496727640728917,Peaty,175.5235326618609,Cotton,0.97
388.2557042535712,30.819658282566834,79.10933417064261,Silty,185.08320821535057,Maize,1.58
683.0668554498138,29.87910040606282,43.708609081063074,Peaty,73.87324829118003,Sugarcane,2.52
2953.9881782382563,19.08847936326449,97.57789062383816,Peaty,72.02122214626995,Rice,0.39
834.2605529010959,31.488960721383144,40.228649460008896,Clay,107.76262409480711,Cotton,1.43
2286.50258703492,12.675395136380669,91.67073449541276,Sandy,98.4538448392836,Rice,0.71
1203.3370386806864,41.95123556578014,65.25505377128046,Peaty,172.94173126732616,Cotton,0.33
1276.9110127405509,26.069340815033833,44.262871267942636,Loamy,5.026891347714724,Cotton,1.11
1688.4020275228474,11.143067127457355,58.047695345760665,Silty,74.93164873395594,Maize,1.08
2037.9468898018395,43.99028175789,64.97510488516201,Peaty,67.19476375952435,Sugarcane,0.53
2827.750042999633,33.16222063650735,26.144243865153722,Loamy,69.44402877389648,Maize,0.1
1328.9817171731063,39.177540366631035,85.17368037679914,Peaty,131.45301499990657,Maize,1.29
2300.0795539981355,28.608135831756904,63.022634779310124,Peaty,21.032441892377086,Sugarcane,1.3
1757.7184203198221,11.020431510773115,92.57991554851246,Silty,125.7548627706364,Sugarcane,2.68
468.04135328431244,21.119314414150676,97.49396844594857,Sandy,93.91504351894406,Rice,1.8
2681.3089619621664,42.70064399586216,93.3136435625653,Clay,94.97602797259535,Maize,0.1
320.546727603872,37.33373522755524,51.85822351664093,Clay,247.34145528136472,Cotton,0.39
2042.5539548114182,10.282068616974193,95.4539858369028,Peaty,129.39051190230438,Sugarcane,1.42
1414.557584850449,18.73260778889596,63.79771918898549,Sandy,92.54048444684521,Sugarcane,3.19
802.5725432529398,40.95243026595138,64.75243405818856,Clay,1.9137130219772036,Wheat,0.13
854.9114081221697,17.381017968827585,88.5753325647671,Loamy,284.0268734076722,Sugarcane,6.73
1270.3063055368834,31.677020894791898,56.35225235839623,Clay,7.730879629305343,Sugarcane,2.25
1406.7549253783018,20.65723864621328,35.847641337623166,Clay,186.82602097195232,Cotton,0.7
1060.2059676595586,29.126048960484354,53.37547348516612,Silty,39.15037923515526,Wheat,1.68
2133.1360213510015,21.919069241796393,84.39709843194036,Sandy,198.51560479318698,Sugarcane,2.69
1139.7451643381528,12.688260437424844,38.79954220277533,Peaty,250.48416170832112,Cotton,0.58
983.6994262899954,19.720168057279533,22.87441457487784,Clay,15.186741680722237,Maize,0.84
1376.0114074279338,10.33904089593387,88.63640727320457,Loamy,174.97571769376702,Wheat,1.27
312.7224084258499,30.592327734410365,51.81475315464438,Clay,18.565710504142572,Maize,1.15
2186.4288209751294,19.502220088994896,92.3394633126052,Silty,127.83637138566924,Maize,1.19
833.0213988295756,38.605685927463284,94.43187361354605,Silty,135.0175918278676,Cotton,1.04
1954.079655095396,20.05643507781157,42.379677421525685,Clay,198.83888226291648,Sugarcane,1.71
1136.3233011684963,23.810031036162332,62.39524695441864,Loamy,64.87515845595867,Cotton,1.3
2455.2105220399617,36.60563254265557,32.311992375501895,Silty,220.17161310056082,Sugarcane,0.28
679.6258819006771,38.9574794189151,66.78709053511056,Loamy,209.14910764139415,Cotton,0.83
890.2557357863524,44.16114445100713,47.58540861969358,Silty,268.70698327998497,Sugarcane,1.22
2413.4574287606856,14.938765790747288,63.64656974336532,Clay,119.09764866224224,Sugarcane,0.83
2037.8804062773484,28.73033167881226,26.56189481691767,Silty,81.1931825945297,Rice,1.19
1612.9332689015475,14.104805173015578,33.5249422751773,Loamy,173.3421150753254,Cotton,0.84
1986.1252487482923,44.48110942817362,81.44043482505677,Loamy,123.35714276084732,Rice,0.97
1601.9905923426797,32.5701427985243,21.882599553127903,Loamy,83.68142282204303,Maize,1.88
1757.3339393640326,37.28308454984222,21.296031787157375,Clay,76.07523509891075,Wheat,0.36
2343.017418802514,18.855921932208865,89.24499065377628,Silty,18.302142901618467,Maize,0.46
2941.6243542817238,33.58436143945016,87.75097795431623,Silty,45.532622955330616,Maize,0.87
2111.0908867056205,30.13757105951845,54.324989544213274,Silty,230.5743992739606,Cotton,1.35
1499.386730332613,43.00716640924401,45.90556599219451,Sandy,195.6706059397322,Cotton,0.1
541.6207580152893,34.54841499458915,29.07526536831334,Clay,55.035720345068796,Wheat,0.93
2800.806739567584,21.619002665754593,57.22695471515888,Sandy,186.81968468784999,Wheat,0.1
1734.8065676384617,16.112651506371535,43.67456235492929,Sandy,289.5908170891199,Cotton,1.51
2456.7409224292346,30.7205894976172,33.2720819496629,Peaty,20.818225771255015,Cotton,0.1
2768.350586417506,24.23066880758153,31.46251669621129,Silty,297.4360703528376,Cotton,0.63
2720.739511365797,37.72669181805867,74.10888542981793,Silty,184.34573325348939,Maize,0.6
428.66837240826953,42.35004747781314,46.06587686163878,Loamy,178.03841481141714,Sugarcane,0.63
1105.8851549593762,33.27695961523209,64.52627428017226,Silty,277.2762823809348,Sugarcane,4.47
1325.676207287074,35.5128720036805,82.38567072080545,Loamy,0.009215653614724761,Maize,1.74
1198.4692927613758,18.906846606639107,21.031797583162035,Peaty,287.28949388177637,Maize,2.18
2474.322738772957,23.441492343688516,73.30142891832308,Peaty,116.61790436296401,Wheat,0.69
1291.7192896150257,26.801658205853,31.041238961604137,Loamy,248.91685989648732,Maize,3.3
2987.592921373926,30.395005727063854,84.99790568353373,Clay,142.93838137181984,Wheat,0.44
1327.5704187847687,33.53775419357772,74.5753351404079,Peaty,208.39613184305261,Wheat,1.78
1819.7790230421242,34.26977448197081,76.04891971155612,Sandy,241.22870089007785,Maize,1.79
1599.8851775014077,35.55872163353499,69.53381882926693,Peaty,202.11052006264694,Wheat,1.47
1927.8966444002376,39.74857656761219,35.69965733649325,Silty,165.3152859884797,Rice,0.33
502.5247662539399,26.74718745375162,66.84509830346414,Silty,231.4536185995463,Maize,2.11
334.65846915369923,20.348276374506668,94.60356714819608,Clay,149.43898306441272,Sugarcane,2.78
1061.7585348208174,31.477326604628434,91.83482347549895,Loamy,40.70649533768379,Maize,2.74
1144.4479421089618,42.955189845687684,62.37711728866941,Peaty,94.7319453748488,Wheat,0.59
2930.5039327314234,39.162152480883606,44.241400558562404,Silty,202.69887066212192,Maize,0.31
1060.2690931736174,22.950858344998558,64.03774216823524,Peaty,36.13420199896963,Sugarcane,3.23
1823.2472651757378,22.096874775174054,85.26155237080857,Peaty,101.79158019287023,Sugarcane,3.05
519.5919140669698,42.9366891013432,89.81240577408444,Sandy,124.4476966564056,Rice,0.4
1919.1424775655025,31.574986208015453,56.59544446959106,Clay,18.433887039236254,Wheat,0.94
2872.78460080467,15.300131002948715,58.1932951584283,Peaty,33.36262420146562,Maize,0.42
1146.6363462255317,14.438840789264658,51.33939604498225,Clay,11.425890179795783,Sugarcane,2.48
2641.356571585415,30.194356434618864,47.63846829787566,Loamy,88.64037738802779,Sugarcane,1.13
421.9847969673369,29.804769610963632,92.64148363373299,Clay,51.62580973578793,Cotton,0.78
1411.760156157093,30.848793845653535,26.44923241356814,Clay,140.9746116100786,Wheat,1.32
2519.6282786291745,12.806536488423966,58.14711021864995,Silty,274.73647183623814,Sugarcane,0.47
2834.464474765772,14.352104450080462,90.01068948969217,Clay,53.14605696678767,Sugarcane,0.79
312.7994525783957,24.189798879870423,61.302663935813925,Peaty,3.148092341983333,Rice,1.54
2861.491898672345,10.77231520388018,98.6017017804831,Peaty,3.8721683942975926,Cotton,0.1
984.937307143955,14.62628802138551,55.18845117710679,Silty,7.233058022600048,Sugarcane,2.08
2726.7291731098894,23.412537808153807,37.30662221046616,Sandy,250.61175908527383,Rice,0.3
1435.2215462457707,16.979405921548725,41.15774533337526,Clay,239.935009333735,Rice,2.37
2396.3353249958323,30.9497047626216,53.1312854572533,Silty,124.53748186041632,Maize,0.92
1951.8222103963742,30.006267731903034,34.78707183576199,Peaty,181.30779591443132,Rice,1.9
1720.394771294754,23.083283810345087,70.02639677633864,Loamy,49.010027519526055,Maize,1.98
2278.4219068767356,18.545656305065357,67.84072938629997,Silty,119.33803227872946,Cotton,0.28
1528.417702138058,10.25669527926631,22.06475142905454,Peaty,298.374596710578,Wheat,0.71
1762.0462918482049,43.592685714169754,23.89558787199438,Clay,55.583055100062005,Wheat,0.1
2848.718491567678,39.47578818276334,43.72899857256745,Sandy,281.07835911934166,Wheat,0.23
555.4443585139235,14.31493227546314,61.48493509325871,Sandy,49.822455700054114,Maize,1.23
331.5243750747914,42.481811258009685,27.2912511555742,Silty,23.027418566621407,Sugarcane,0.64
675.6432643325337,11.939556095478554,46.49171913313198,Sandy,124.63290017762688,Sugarcane,1.37
2967.9119637279787,11.449983108678571,97.4242190118788,Peaty,71.07719816901704,Wheat,0.24
342.72965566283875,31.613519027180903,36.622673676935314,Clay,164.07866279564308,Rice,1.62
1423.7442611581255,31.971089521406775,71.79663525964368,Loamy,297.7543860485914,Cotton,1.91
2124.427575231049,43.6565532466158,78.41946674862945,Sandy,189.21523334757876,Maize,0.1
2246.436968173249,24.7003851503482,66.2687810493232,Loamy,156.56529844738296,Sugarcane,2.8
2625.98491391116,12.086606387063066,75.36404424317959,Clay,195.68253326971507,Cotton,0.52
365.6958012179171,32.14809137315274,81.51360356569347,Peaty,39.902939672198634,Sugarcane,2.59
2244.4856692698945,30.012626057759316,54.72417408647654,Peaty,297.45983274821594,Wheat,0.71
2246.4629453021817,34.52539324494923,67.12160727847292,Peaty,178.13418958303566,Wheat,0.5
2036.5292766755188,16.958492132809102,45.20084057467397,Silty,63.03215787370554,Maize,0.84
1524.477009360458,11.516034563900918,75.94715730021144,Loamy,208.48593580291433,Cotton,1.32
1354.7285693100253,16.851446224196863,61.05400658256287,Peaty,146.45330259324422,Sugarcane,3.22
1878.0380036178883,27.97977493253567,43.05476207676236,Clay,124.65421891861979,Maize,0.97
999.7527679742807,35.71129052486873,21.915701221638678,Clay,282.44227125181965,Cotton,0.63
1951.9093543317874,29.268608820867897,52.589241937026586,Peaty,76.08383125791246,Wheat,1.1
749.6240464709877,10.789757909687154,88.93319077592808,Loamy,176.4280912816341,Rice,2.28
1912.6099742919787,20.351164690825723,40.45949612386403,Clay,54.23554516871386,Rice,1.41
707.2811823800562,37.674188566505876,50.7786061205956,Sandy,166.54013602595654,Cotton,1.17
428.4097917118246,13.0725882970356,33.746356828612676,Sandy,64.19840360949406,Sugarcane,0.69
240.905191904872,22.613142232710974,68.3871543490065,Silty,194.81364607098672,Wheat,1.0
944.7935406594423,21.64733041362784,64.59239714513498,Peaty,137.5555686561046,Sugarcane,3.55
2461.609895948143,41.00698984240987,85.2863233874681,Silty,299.0848252235009,Rice,0.21
1987.7685974375795,21.191011839269322,24.56937306963546,Peaty,0.27882506098831916,Cotton,0.38
586.7508207926923,40.06891151764208,60.00466073528693,Silty,106.97139778524573,Sugarcane,1.61
1075.2744697432404,24.3738921553599,36.77522219441607,Peaty,280.36316421465466,Rice,3.23
2389.2945563912913,36.80505253596597,75.33245214932333,Clay,98.56744496573954,Wheat,0.94
2233.1115261649834,22.843649245252017,31.778165952841356,Loamy,193.56557275339918,Cotton,0.41
850.2291345237608,24.186387622643366,41.53292567933033,Sandy,111.06965570537301,Wheat,1.64
600.8518018713404,33.02006515465837,71.32548533479955,Loamy,236.39104007727948,Maize,2.43
895.9114985967927,21.092991761854847,84.70610587933473,Clay,163.7770599927,Cotton,1.25
2132.903971322041,43.07584226031991,74.60323830137256,Sandy,16.131693498595013,Maize,0.3
1629.5971444398099,14.198352960583943,44.96512357216165,Loamy,53.13814325947621,Cotton,1.15
2305.1104086787072,38.41811821232592,95.65997617807442,Loamy,240.97347139944188,Cotton,0.17
2174.1145377900593,35.96922053298951,74.21785929610564,Silty,187.49392451281057,Maize,1.03
2577.474455884293,23.418899937039065,33.462287080617024,Loamy,202.99339044595425,Wheat,1.02
729.7482186929936,35.2134399505256,60.88909107916004,Sandy,138.26950146197456,Cotton,0.7
1512.6116654190146,34.697238872914355,93.77535424410274,Sandy,91.27255914815873,Sugarcane,2.85
515.2533062817445,24.272231204215693,90.91042895681133,Loamy,203.74877049586883,Sugarcane,5.52
1962.9593658280594,40.22196129291903,30.58303581208306,Peaty,41.77622123541119,Sugarcane,0.45
1723.9205436427023,44.15225864921264,49.53089550473636,Silty,158.26909469982596,Cotton,0.1
2663.7609548356404,27.69322771032216,60.62062705508551,Loamy,74.9918672606489,Wheat,0.71
1463.5465194047204,40.42112000910805,62.40499640413859,Silty,126.65767016420342,Cotton,0.67
584.6128887122878,19.690448932220427,23.685045094558195,Silty,153.86242269158032,Rice,1.96
2289.816076077076,20.90501088537801,87.65228178218739,Peaty,276.2074202335859,Maize,0.98
200.6357070111155,42.02505382116345,87.51035289847432,Clay,50.344378693808586,Maize,0.16
389.2932985226728,35.34102160705224,94.30463685503082,Sandy,211.66881349490734,Sugarcane,1.69
1249.5097881799936,31.746571845449754,77.49744906097618,Sandy,224.8137050172468,Sugarcane,4.01
2984.124847520002,18.145492212044314,24.306441992676724,Clay,82.35200205212348,Wheat,0.6
1155.4844593216176,25.54641924074283,74.0469418853951,Clay,263.2356379809506,Rice,3.39
2624.8998901281184,10.346874342190377,82.24370451865593,Clay,11.309317474455838,Rice,0.26
2977.979790540032,40.01357127131733,27.789351503297688,Peaty,160.39827692265715,Wheat,0.1
219.55033326497474,24.121833915944986,38.7803537379977,Loamy,5.48252091705187,Sugarcane,1.26
853.9886109921107,12.386531691791195,34.96994163284014,Sandy,87.40832185132335,Maize,0.59
1217.1638299169185,25.352662508611918,98.19970065671146,Peaty,221.22298329358387,Rice,3.88
1034.5853632760118,21.21404501490752,33.142947461792744,Loamy,190.47199774594884,Maize,2.51
1113.59002439305,10.726531124338747,80.87087821372077,Sandy,246.3750463679113,Cotton,1.29
589.2061745574175,25.402487627327446,58.62810195280838,Clay,153.5341369708442,Wheat,1.53
2541.9785843597906,27.586297741696793,21.150498878732236,Loamy,266.45740489839125,Sugarcane,1.0
2659.5644165258927,43.33808763896095,80.36295327219685,Loamy,210.28060950539978,Rice,0.92
1068.863749892733,27.617079571215392,83.71524492187818,Sandy,193.66030692315667,Cotton,1.81
817.4246039826144,16.50865276450962,96.06549279331452,Peaty,286.6948401799468,Sugarcane,4.85
2914.9246289321463,35.714799959275894,75.96772264188226,Loamy,284.33390939076895,Cotton,0.74
1622.796812262544,31.708447399411924,58.219370111962874,Peaty,102.77732484333954,Maize,1.72
737.6450372721029,15.110735675393688,95.0451311654505,Loamy,247.7822757335755,Rice,4.03
2793.6631753793486,31.670881548507044,85.98455583838646,Silty,165.58090831813996,Sugarcane,1.13
570.3524022757488,16.884086905948806,38.99866441355072,Clay,169.31861410169688,Sugarcane,2.84
1215.005556688237,38.83991781579924,36.32701289246082,Loamy,240.2816164624291,Rice,2.09
1259.0286426813655,28.10527187532886,53.04859181817154,Sandy,205.1610374727096,Rice,2.3
1907.4757323347276,18.428133562561065,50.9445793641504,Peaty,163.6471021484507,Wheat,1.29
451.32660156843997,41.878919264021036,20.48376345471827,Sandy,73.66518778334732,Wheat,0.1
1797.1465759301966,30.354747155329605,77.17565401885874,Peaty,164.00317946919353,Cotton,1.1
1751.1811154087666,28.709572670470802,35.63664002947199,Silty,274.9467453346543,Rice,2.62
521.7377614133488,10.134300092773032,60.160655819134575,Loamy,16.35357823134789,Cotton,0.37
919.7755381297844,26.276271697731847,38.158283157721684,Loamy,26.13278683843021,Rice,1.52
2892.3420499851854,25.56983514896393,59.123872035942654,Clay,275.16617754745886,Maize,0.31
1793.0753531891821,36.67611055135757,84.9445374680709,Loamy,130.108299396114,Rice,2.43
2834.778503208424,31.812363057380246,79.33018299615111,Peaty,223.44752265897392,Wheat,0.31
343.53768569279487,24.06566949328588,73.90049838272718,Clay,175.02645570553054,Sugarcane,2.7
2052.7707673477707,17.66941226347803,29.02745497468971,Sandy,224.5826125745497,Cotton,1.3
1265.3492793805003,13.714395492184842,62.50854654021562,Clay,287.14044976193884,Sugarcane,3.79
1670.138152687077,34.75476191669835,40.173830199642396,Clay,200.01945895727692,Cotton,0.84
776.7441004554927,10.033019534367089,23.14120413189282,Sandy,107.3883583598294,Cotton,0.61
1741.84928586238,15.360057502938467,78.24931498689331,Loamy,147.70869105588775,Rice,2.65
2595.543145620443,24.640188888272007,44.753023589635546,Silty,194.53936707007114,Cotton,0.59
1872.4746593259931,23.777243209710473,57.874852750001715,Loamy,102.00131581796764,Maize,1.89
2583.936094096127,12.949252815454788,48.48744681331374,Peaty,54.54529585120162,Maize,0.38
1698.973750572639,32.236317134791236,35.718957356496894,Sandy,155.42314955926832,Cotton,0.5
2542.2864941305297,34.651736058501314,94.28775052245106,Peaty,130.61889701992544,Rice,0.5
924.9319694207909,11.84893402276527,78.08678811870804,Sandy,237.56739713871877,Maize,1.69
1550.367200228322,12.00586085036704,33.967188099774916,Clay,113.92122144649463,Wheat,0.84
1856.8075128987211,16.72081791977206,73.33485215140104,Sandy,180.74075113717993,Wheat,1.34
1342.0909038203843,19.787271147262217,30.909626197405267,Silty,59.266771703543476,Sugarcane,2.85
1279.5499803236787,27.734002679890096,88.48008599145223,Clay,83.02623958539257,Cotton,1.05
583.166466441799,12.440179904180532,91.47237832703897,Sandy,98.36519820547755,Cotton,0.1
2777.5004782871533,10.420105954543889,64.22519005746793,Clay,18.93191073466387,Maize,0.1
439.12848445562065,44.03614865097658,61.44083451008783,Peaty,84.40518655615249,Wheat,0.1
497.2489899329082,39.31153818665711,39.18559617652722,Loamy,76.60600506867044,Wheat,0.66
2352.4919678150363,12.168128150264577,66.14463357106047,Loamy,237.58068688912923,Wheat,0.99
934.7434541700454,24.759941613407072,23.193802605100096,Loamy,258.2396810746485,Cotton,1.53
1798.5397505060055,21.63493422610278,45.24265445305084,Peaty,265.44238410919525,Cotton,1.31
2905.5680336949204,43.95260598333474,89.2056879500315,Peaty,210.25970917316397,Sugarcane,0.12
2574.908195183852,33.98110796472232,43.203522254238926,Clay,227.33296811254738,Wheat,0.27
517.2388923151495,16.016939520448652,63.78597474715889,Clay,163.92212226363964,Cotton,0.58
1088.6887800780787,17.711168451768863,61.22441503955014,Clay,154.42265812703397,Sugarcane,3.48
1691.915704723904,40.12337376261098,75.5934703825206,Peaty,118.22704583235092,Rice,1.17
1811.862708392775,14.414036283139371,66.53772219787814,Silty,240.61148108486057,Cotton,0.64
2213.856373323611,19.504265931211997,45.2972098050664,Clay,142.8967056620713,Sugarcane,1.61
2093.915432948017,20.53382118710676,34.723581764017084,Peaty,111.8999506700589,Sugarcane,1.97
312.9347859876655,21.415958894488874,57.48455956729077,Peaty,132.84881111529725,Cotton,0.36
564.9887641211435,17.123720586041372,81.52489065277794,Silty,251.58266626018866,Cotton,0.9
304.71157314463244,27.68778397770754,52.24250490261893,Silty,116.3918263193659,Maize,1.04
574.3478323184213,42.738807138372955,80.11386540250422,Clay,146.43526303012047,Rice,0.66
971.5869736656997,21.62603827216064,76.06467344013922,Peaty,278.8210451547462,Rice,3.61
290.863015013892,18.245587988563713,44.824569263335796,Peaty,116.16694236306209,Maize,0.74
869.2406970646414,32.010551394586145,71.23045973153928,Peaty,54.19726239339096,Maize,1.16
1719.2053155046758,32.87553695155469,41.919102523441445,Silty,146.76817642497576,Cotton,0.68
2788.0667877471624,18.06353237850613,43.139512225573455,Sandy,50.40601565780357,Rice,0.1
531.0674989219934,43.388082437282165,89.24569760758116,Clay,202.21136022748703,Rice,1.04
1374.1371051740073,34.538415557749445,52.85852347928096,Clay,280.1933922433558,Maize,2.43
1640.5708864737085,39.98923724031117,57.35024792984835,Clay,174.62103933726706,Cotton,0.49
1530.303421809139,23.51178274781425,97.33649120147685,Sandy,24.966919862421687,Wheat,1.78
2991.065705907105,24.940041507828134,28.892070382664947,Peaty,125.14928369271063,Sugarcane,0.78
1761.5283353192676,11.911360612471416,97.74762410603877,Peaty,120.50906782793295,Wheat,1.0
1514.3391575699227,40.02502242311212,44.39224995080508,Clay,52.70162998677321,Sugarcane,1.43
1520.5538225467328,17.961856129273897,33.294799968779934,Silty,112.75573955459377,Rice,1.62
1160.4747952520684,44.58434265841224,58.818436461228494,Peaty,15.744513029918272,Rice,0.92
2954.392432985625,11.75613726119909,27.735564783005373,Silty,288.42436212709174,Cotton,0.1
2344.4315918550883,12.772460250292978,23.76467035680151,Clay,40.330028210864995,Sugarcane,0.1
275.8986265414527,37.422552590576814,20.84105796333228,Sandy,170.529586299151,Maize,1.14
1699.518924673835,26.69441874161788,51.1366894898751,Sandy,268.1800532009971,Rice,2.59
360.26274184706625,42.58495168994044,24.040591390624524,Sandy,287.661561957123,Cotton,0.17
1823.5228129336301,19.889259363152362,42.32066322782373,Sandy,299.63788074469636,Maize,1.68
1453.1451942969732,35.55006023783015,48.62038106349714,Peaty,77.6377225093572,Sugarcane,2.59
523.0158436559708,40.438846317028194,57.77811406049635,Loamy,77.61328422469035,Wheat,0.68
239.75057652082637,19.01711995672352,55.99549394150877,Silty,224.6095435317465,Cotton,0.97
2987.180236191277,20.062891978431566,63.05760814947802,Sandy,264.7846372551737,Cotton,0.25
490.5177619003979,20.33977127098177,27.24475740807364,Loamy,183.40249687431785,Wheat,1.52
2585.168592348886,38.601686775432434,21.092934837648755,Sandy,104.08768511327575,Sugarcane,0.31
2430.605633242387,21.829354266444263,76.43920197384934,Peaty,67.31489393993864,Wheat,0.1
860.7904965458652,15.024066458031877,34.83270802992435,Silty,153.85886381309734,Maize,1.81
2643.0558651222145,18.545164617741754,56.00878869480237,Clay,111.61307034366222,Rice,0.81
567.9546719947517,19.186975276520684,66.49723819915067,Sandy,73.19859070574168,Maize,1.5
2906.542218509101,25.52036859926154,45.67976365127183,Loamy,51.9071609253493,Sugarcane,0.65
844.8938291120572,13.72441170159956,85.74019335883123,Sandy,106.04195761821617,Wheat,1.18
2382.222476938335,28.287388311170595,71.28198861082836,Sandy,72.48038293072891,Wheat,0.93
2204.7571419168275,31.256354587757308,27.086267170931528,Clay,19.228413310852645,Cotton,0.1
2556.5416211197676,11.06238319365515,87.50502909266449,Clay,92.90066112038777,Maize,0.44
574.5788059831104,43.36575086538304,25.81324700649254,Silty,145.06495523711072,Wheat,0.51
551.8017787544791,20.140479430837512,39.100141686881926,Loamy,123.34330094399611,Rice,2.76
220.69732404402046,27.81973945225597,31.14555859024371,Silty,261.47576485872196,Maize,1.13
390.5044794566751,21.091644820221866,41.34356395470647,Silty,129.66931785135247,Cotton,1.01
2603.3042288608026,39.5702429893678,48.77404489784542,Sandy,54.85935802646173,Wheat,0.17
227.51714719540598,24.3213905610471,46.35034154416606,Loamy,259.8698610803011,Maize,1.71
2472.5556404455897,20.28708661767268,55.7061087989249,Peaty,207.87606876743658,Cotton,0.49
1907.1093431721768,42.028445907151045,32.508971331590004,Peaty,0.6229552800243621,Cotton,0.1
1651.183217928391,35.27756345357761,33.9325353916317,Clay,189.51672549797522,Rice,1.43
1457.9508437037828,20.375571071045357,94.37196861610627,Silty,96.8429380343551,Rice,2.81
1449.2772258755501,29.38928205270282,43.83639450534923,Peaty,260.3106293757717,Cotton,1.69
1045.0401564112344,41.49100774431051,70.27255661127919,Silty,11.627080666254741,Cotton,0.1
2341.3734779502497,19.29451593043448,84.54188557190139,Peaty,10.313057505517564,Cotton,0.35
1030.3052509367335,19.278963764530207,54.56084471442901,Silty,238.5034610785411,Wheat,2.59
489.00661686119895,30.476230905153166,59.083397315220566,Clay,158.45677852690685,Wheat,1.49
1419.881785142413,14.518016829986163,79.38390053871555,Peaty,22.58361499550209,Rice,1.49
1940.2524272953358,17.69516847291419,55.58714874724237,Peaty,40.06026994822483,Cotton,0.68
2537.9265999122945,34.86230252493163,29.00025044213054,Sandy,279.70444249011325,Cotton,0.36
677.6831489406042,25.286523624647625,57.1200342557141,Peaty,279.2016766687195,Wheat,2.1
1173.7907285368842,10.757594647144426,27.34220851769407,Clay,263.7973390087682,Maize,0.7
1709.7350226381723,18.92827014913328,81.4301090906969,Loamy,131.73919824145517,Maize,2.55
379.8680123999525,30.74436233250072,86.00282553142401,Sandy,128.0684183469908,Sugarcane,2.29
2395.9596380588073,43.14080687193582,42.01360899904544,Silty,157.59547933521642,Wheat,0.3
2946.925614312504,33.16337550010486,85.35122316033346,Peaty,198.6696474988779,Sugarcane,0.8
359.86414614224236,22.006810638187773,73.35487881631252,Sandy,3.5753948934726276,Maize,0.4
415.51371242244863,33.47677589050625,85.70075362982764,Clay,171.82815988652604,Wheat,0.67
2655.9373094544067,18.51129930924791,64.04565076330914,Peaty,76.27774829667916,Cotton,0.15
1158.706345228407,29.126672635888177,27.308259417884464,Clay,225.93565415390225,Sugarcane,3.81
727.0501593533277,16.4487028050436,24.560191004154717,Sandy,252.10445327655242,Sugarcane,2.35
2995.2925183986786,28.94769234386462,42.72467112323432,Loamy,82.2638667372441,Rice,0.44
1434.069315035938,19.114108807576795,87.0719710473752,Peaty,202.56925126861125,Rice,2.91
563.5996375700669,33.666851122478874,88.68800855859986,Sandy,23.223465595425175,Rice,1.16
715.4837054106795,13.697762090712574,85.02807772294062,Peaty,96.69744734082747,Cotton,1.05
2536.4831079970704,11.967486691095747,79.80165093972039,Silty,192.13418219797586,Wheat,0.6
1409.5702400976345,11.155417756511454,96.3149402021127,Sandy,49.951064114854525,Maize,1.15
334.6211117620606,26.925110499635363,21.17177018179894,Clay,227.6930495562092,Sugarcane,1.76
822.3917465880387,17.283711210873047,80.29761412497038,Loamy,69.86374384554452,Wheat,2.21
1581.5387611575065,41.907151979796645,94.24113893835047,Peaty,295.22683918995426,Rice,1.02
2955.006632398726,41.71481376446178,24.435618856307315,Loamy,137.341479767762,Sugarcane,0.39
489.73017821043703,32.97969458398783,92.5588414750595,Silty,163.70059949059043,Cotton,1.03
2848.0023036348684,33.68870152705165,44.12694958988412,Loamy,91.12051386752982,Sugarcane,1.07
595.8739518057525,14.561215161031756,71.47431596138645,Silty,252.00564957620955,Sugarcane,3.27
667.1760189756174,42.330598855687164,85.71770022209526,Clay,37.38451895673742,Rice,1.07
2111.4792268957262,32.00569052709975,41.28810948298469,Clay,136.67003459703264,Sugarcane,1.83
1794.5923238520124,39.133686459566775,99.32994743689825,Peaty,55.027093049386814,Maize,0.65
569.0591237107021,41.046496055643665,42.001981799023824,Sandy,234.2097912514886,Cotton,0.56
2487.8998776669314,25.692126468362176,59.139108914221964,Silty,93.11126673243602,Wheat,0.34
2833.39215583643,43.34920362097046,39.146582923788685,Sandy,75.85122020708678,Sugarcane,0.1
2651.9183572410966,19.500080249661863,20.296192546593346,Clay,216.31639826936154,Rice,0.39
1954.9093759185275,15.113379793946208,85.84028595575478,Loamy,195.68433384553387,Maize,2.0
2631.9479262003456,16.088631069367892,23.695718656130307,Clay,272.86932821409033,Sugarcane,0.41
2056.007405377064,43.790702211021745,93.26514785525951,Silty,231.0063685367486,Cotton,0.1
580.088388679723,44.21033644714043,97.14825872287892,Sandy,89.82693744093199,Rice,0.64
1259.2837000627264,13.093893850136542,47.37804198231237,Loamy,188.9050785777609,Wheat,1.5
2185.0999479465772,41.7135325038149,31.01872791102469,Sandy,5.5593700782999855,Wheat,0.53
2402.215997878742,18.529787416651992,44.47158506092159,Peaty,133.76598595794235,Sugarcane,1.15
1911.1962649914892,44.43072617865152,48.86450491024021,Clay,191.19064696140717,Maize,0.34
2484.958919920106,25.12235497733162,83.71125780957671,Clay,267.30650489016347,Sugarcane,1.17
1350.6391465803076,31.15065469375176,70.40149444950619,Clay,46.3247272617639,Sugarcane,2.75
792.2188979889505,35.76123901491229,45.60128904699134,Clay,48.75331958923689,Wheat,1.04
738.5698168309622,35.10804709220407,73.14714932845459,Loamy,228.70836411215183,Maize,2.21
1650.4429769438552,10.261209914602679,53.81492957259405,Sandy,43.65519011622748,Cotton,1.03
2250.2137776742225,18.15566375388922,85.05136035853803,Clay,53.365217620349895,Cotton,0.24
1819.0114674252106,30.917135395411513,79.11443642795777,Silty,200.78048752525046,Wheat,1.95
1566.120546782045,17.148976377773874,70.14421040518752,Peaty,298.6935530023048,Rice,2.74
1014.7982907810566,40.41356867573137,92.35622492499951,Clay,215.6097797918388,Maize,1.2
2214.041705270318,31.65614438601622,26.53438118930832,Peaty,75.1020802144158,Rice,1.44
1720.2332445701177,14.52832159383453,50.065697520635275,Clay,278.9806782222257,Cotton,1.15
1451.247746561229,37.22947400498279,37.63763847994959,Silty,121.89966928913034,Cotton,0.62
279.0405270219778,39.93078707400154,48.70046096170191,Sandy,214.46953142318657,Rice,0.34
2904.342672661234,16.117474575917807,71.84242544441713,Loamy,86.83091040900658,Sugarcane,0.98
1920.5984887145391,41.23641828832041,26.290136879180643,Clay,7.400986362146145,Maize,0.64
1693.2634148844743,44.85977771852449,84.04288841013981,Peaty,71.69930406346539,Sugarcane,0.44
2166.7350244253657,20.48102033769891,41.50855303233374,Clay,204.07520649911223,Maize,1.05
1342.225891429955,44.309142273577464,72.00905787353709,Sandy,9.453912924663477,Cotton,0.1
1232.4304353183686,36.94059964039081,84.87481541380885,Peaty,253.2557687472245,Maize,2.48
1338.0956102658022,37.014261233053844,58.710181165140725,Peaty,201.70448029285944,Maize,1.82
762.5517511194628,38.17917230641327,88.01061877480295,Sandy,282.26288024841267,Cotton,1.06
339.6084099176599,15.246823863649889,63.00649104412115,Sandy,82.06260870058108,Cotton,0.49
1607.3643237395097,19.022247087139696,76.10908482483532,Loamy,279.6800651762917,Cotton,2.15
2503.4409117451964,10.464842121050303,63.361223878378084,Peaty,214.11187760301218,Cotton,0.21
1609.0171616041764,36.78020974514424,58.823250724937225,Sandy,245.77026363072605,Wheat,1.1
682.6818138944654,40.53380971741852,69.04929912553932,Sandy,25.137291764478487,Maize,0.29
1955.1321323621883,18.861961745448358,84.2954761501842,Loamy,186.69089372220787,Sugarcane,4.19
1605.2346868686104,25.9234907904708,80.27804843571845,Clay,200.77973875309732,Rice,2.71
201.7570465596773,43.70829458142309,93.40359156770758,Silty,38.67077552204968,Rice,0.1
244.5767483358361,31.566403782440904,96.86635336641507,Clay,209.0264444806213,Wheat,0.93
2198.2487927140305,40.578731209626206,30.144143930140803,Silty,178.07257632428937,Sugarcane,0.94
1009.5828115725308,25.794981201217396,29.35864371082061,Peaty,227.66044032538488,Wheat,1.24
1204.4356547290765,28.524360685025655,66.7516737271566,Peaty,147.89481313742672,Cotton,1.25
2455.3055925136428,21.85139301894214,24.434639115298708,Clay,176.37069746844435,Cotton,0.34
2743.372188680427,31.160093859038476,62.2209652269158,Sandy,32.046297889197184,Rice,0.38
2364.869536891485,13.719306667733854,82.274272542512,Peaty,138.20183749649797,Wheat,0.48
1723.504147030512,29.309933020698843,48.524713694151096,Sandy,201.70855737965832,Maize,1.68
1256.5757362448726,19.037938464099405,39.477363525340806,Loamy,227.85604461508322,Rice,3.28
865.1680407897557,27.12477413680611,42.88719376250085,Sandy,283.592112075491,Cotton,1.07
2277.5870951532825,11.829768614406586,88.20341159004003,Clay,262.31940951249925,Rice,0.51
989.0325811101789,19.363446058691984,61.53655796827681,Silty,24.581531711443837,Cotton,0.85
1833.1733519894706,35.716575109728254,45.722640707067264,Silty,163.4474027020295,Rice,1.54
1470.0038669224894,11.331721240853183,78.29096178535193,Loamy,60.624280825956234,Sugarcane,2.64
210.97144986306114,44.98112383708856,84.18189577179822,Silty,218.2609281690428,Maize,0.2
1252.7194214015894,36.470853394310296,63.17294311225219,Clay,94.04320795393512,Sugarcane,2.1
486.5301026953768,24.36745497940828,94.65543336392146,Loamy,240.54776996265454,Maize,3.41
2273.0592314348555,14.130210931678121,80.52313337809926,Clay,8.241168753895456,Rice,0.59
1950.25634752228,43.11654128969414,66.38171534099837,Silty,52.01881986183581,Sugarcane,0.2
2287.7593310574057,44.84666708679473,73.25204005007677,Peaty,46.43581045383359,Sugarcane,0.47
244.38515824925364,35.54732317500374,91.09972134510502,Silty,146.6852779315356,Wheat,1.1
2018.7202840902494,20.591811402506423,56.79853357424807,Sandy,16.352783224115875,Maize,0.46
646.711878727586,40.9945805254971,20.800832844730913,Silty,51.24411189186322,Cotton,0.62
1621.7060252154602,27.46880303376623,28.811382633517315,Silty,72.31930375702099,Maize,1.23
451.50196239169327,18.98905132038148,27.401329694647558,Clay,299.95477334592005,Maize,1.29
2777.758782790172,13.277151266677024,96.40505497009892,Silty,0.3804230746470738,Cotton,0.27
2776.11214712853,32.758927488278154,27.233518223332858,Peaty,277.999666166061,Maize,0.11
343.4280299320771,27.37803977807117,29.86547928602338,Silty,105.21293639762528,Cotton,0.15
493.54009217677566,19.377996253739674,61.615568617910846,Clay,45.423133180825516,Rice,1.04
2466.234724423448,23.274918710464057,23.777990119580387,Peaty,36.4115773645859,Sugarcane,0.1
397.1350147270397,22.42259203388057,60.254333364107566,Silty,1.1879829036428258,Sugarcane,1.8
2560.8056220832873,32.547455559636624,72.05795074670402,Loamy,117.20806113028463,Cotton,0.1
803.4360011337527,17.737504348489715,78.33687588006825,Sandy,227.07805353810414,Rice,2.28
229.54458308452152,13.199919410159824,64.54709557521929,Loamy,5.424327661705631,Sugarcane,1.11
1739.6553792373893,31.685390748948038,73.07922761029681,Sandy,264.8469488035481,Maize,2.02
2929.328227741347,39.488838028952294,60.07012847116793,Loamy,102.28434049278292,Sugarcane,0.5
1987.028362113712,22.250240396561257,94.26980415846334,Clay,135.82630131262204,Rice,2.59
915.8654253290804,22.759824963195257,87.49444237319821,Silty,162.3611297313895,Cotton,1.95
1775.4351841276787,36.67656289179287,77.08858930107772,Sandy,133.3322873014496,Cotton,0.7
438.40218235703003,20.603080876152937,79.56775807704608,Clay,285.51072191716116,Cotton,0.99
2979.3515356680364,34.441828994779094,43.5035576523462,Clay,93.45368970419581,Maize,0.1
1783.6898776945213,27.636955888321,21.081091384494606,Clay,157.7839730704378,Sugarcane,2.56
2576.098345316583,41.102473984278106,58.70799760265786,Peaty,83.25684147071777,Sugarcane,0.33
1080.7796225966226,12.952981375347676,74.8004869330543,Loamy,152.85266196726056,Wheat,1.4
414.82551847686386,24.92042010911991,55.38683664401724,Sandy,285.22341396380153,Maize,2.0
864.9609186141595,44.262184464196494,50.909450970944555,Silty,152.61179526488002,Rice,0.63
464.31293253080565,14.399706727924048,53.15472375746651,Silty,270.0936718723473,Sugarcane,2.97
2022.7208866119247,38.85809744299752,53.41668535783807,Peaty,294.00163895904507,Wheat,0.51
951.10100498247,44.97676979942265,34.0267393101488,Loamy,170.7690636274344,Rice,0.1
2874.0641749126717,42.1872217809826,44.89557902432074,Silty,254.5446629801219,Sugarcane,0.1
872.6860517000509,26.443151250703856,56.43724576050894,Silty,240.2408063935574,Wheat,2.53
1147.4300245906043,42.74330579656,92.97660569993457,Loamy,157.73110100496766,Cotton,0.75
1828.071054200148,43.17193537112519,24.295766287944545,Peaty,52.101491086301955,Maize,0.89
1760.3051332915497,35.99225963885917,42.38135447096327,Clay,128.0371116581758,Wheat,0.76
2236.3517172668153,32.18139305166177,31.240584248687462,Silty,83.36733779632681,Maize,0.51
2599.4603636342868,33.94731763159703,90.59529530780654,Peaty,174.92030532664307,Wheat,0.1
2048.9403254395575,28.294830892366036,21.88735742246367,Peaty,89.77452577804813,Sugarcane,1.64
2598.4015683133402,23.861906710241335,35.932551807765364,Clay,265.7766343330275,Wheat,0.29
2258.703405659022,37.906788197748696,41.55343114636573,Silty,139.583259382777,Maize,0.84
488.13424735760174,35.554556572174874,50.979683856278,Sandy,80.48616012833179,Rice,0.46
706.4486683909417,35.71666339743705,40.17151646711548,Sandy,154.5576678414641,Sugarcane,2.38
1260.287787923794,43.40479731123759,89.93351371856546,Loamy,197.04456932653468,Cotton,0.78
1709.7426235564803,43.90851417022316,58.73705114781133,Loamy,165.5063903419385,Rice,0.62
1881.6985617241112,12.18679164752373,77.69795739991332,Loamy,12.324709486666585,Rice,1.05
2949.311992098688,34.188705451884786,90.65544423388869,Loamy,80.41415621359133,Sugarcane,1.06
1198.5049560482812,19.148906079613823,95.7278858222671,Clay,134.72501780283403,Maize,2.59
1731.776374571638,32.748323435806114,80.30145616360419,Sandy,35.119323894558796,Sugarcane,2.19
1550.9805694774561,31.79013892414736,20.803758484386528,Clay,147.7205277613007,Maize,1.12
1388.241672950177,35.014363115231774,68.30342058288944,Clay,211.79557981524553,Wheat,1.39
2695.679019698076,24.39656016159329,31.618001593219923,Clay,234.14134151404647,Wheat,0.1
2953.4842172896033,39.43875581286045,22.877260497073024,Loamy,242.28776086889252,Sugarcane,0.1
1176.8371664948131,42.31090491139628,36.53145479133642,Sandy,253.65324325216812,Maize,0.67
1623.741298862473,18.15156435273186,87.62639805509814,Clay,62.82530124655628,Wheat,1.34
793.0348196682075,37.73889186674678,34.95258371600946,Peaty,272.32524007237134,Cotton,0.63
269.4881920464176,39.233542105560296,49.22934732405223,Peaty,257.51082201589753,Wheat,0.9
2687.162150232217,26.097968295288698,68.55784930194123,Clay,291.16640121854874,Wheat,0.18
2908.5187117897153,19.40096265201091,59.58607612804371,Sandy,208.90872975990916,Wheat,0.1
1437.78539673061,21.69366282302971,61.746470024415146,Silty,88.38099988213682,Maize,2.08
2330.816752258755,34.955500215160924,49.30291089652178,Peaty,84.96572514290023,Rice,0.36
714.6760905490819,30.19276431706939,32.387311571796396,Silty,245.62404311525748,Cotton,0.85
1768.3247524261756,23.526189751477734,53.61996814460335,Silty,135.70591154361486,Sugarcane,3.41
2511.689589739642,12.100286740615413,50.09835026889529,Loamy,264.5126908915754,Wheat,0.37
2755.2781676558934,40.58281416469582,60.14563004324088,Sandy,141.21029984731848,Wheat,0.1
1197.4997048905843,16.202526990757722,75.60958527566139,Loamy,256.31985399770406,Maize,3.06
962.4831121070317,14.112564407433066,40.15985773152573,Peaty,270.57287152466665,Wheat,1.76
794.3770427994403,28.20471967246397,57.977690170257034,Clay,38.71953744871889,Sugarcane,2.61
2822.3966105983495,20.792324258666955,89.56329350873746,Clay,181.6333455916027,Cotton,0.1
1239.5585774151025,27.55947081022487,78.03745347601303,Peaty,195.56042809428178,Maize,3.08
1714.3157791203112,38.64262244883258,33.734255603457356,Silty,21.333212464031035,Sugarcane,1.74
1353.649669064638,14.84391550888436,73.26121922122938,Clay,284.35903259972065,Wheat,2.16
2739.2264165515403,30.557945400145194,26.832198743269906,Silty,203.3044623353095,Maize,0.89
453.3896710684269,27.413526060960848,41.04640239393526,Silty,268.87701494147365,Wheat,1.96
2605.1455319422166,13.107064343468142,89.19959809662211,Silty,122.62312884255836,Rice,0.27
903.3376128925082,21.219865510577467,30.798278885731367,Loamy,167.91523077849405,Wheat,1.59
2463.4019029946066,23.58204659913349,83.6772071680486,Peaty,227.0367668707191,Sugarcane,0.91
564.8903666556146,22.096946296265564,84.61618952352455,Peaty,12.493206701994097,Sugarcane,2.71
568.7866985777943,40.0560738985353,70.70266277978301,Clay,13.030007170691238,Wheat,0.65
1066.231973824036,34.29460788916829,21.28997170977719,Clay,105.51294538764249,Maize,1.09
781.8133011733107,37.96319967250972,84.24297286139775,Silty,203.11134446460306,Rice,2.21
1195.4834320256214,38.31004886617478,43.576109590842236,Silty,68.16230334960134,Rice,1.55
2583.5312686137686,37.946948502564894,41.37322100703919,Loamy,198.43986159709556,Cotton,0.13
2184.9200175044307,38.83105616693049,88.56232226644623,Sandy,46.18897159995116,Cotton,0.19
1855.6432169850852,41.03943159910625,91.10840787147356,Peaty,10.547097614550427,Rice,0.97
1527.4858123583474,10.143717101410695,20.8810686668486,Clay,103.37897871809153,Sugarcane,1.16
2060.4618398611265,34.80797427171539,34.23038363685029,Peaty,71.43745297619962,Rice,1.03
2411.9286000469638,32.375341543291015,88.27724425620426,Clay,298.36927700535745,Cotton,0.3
1414.8865357593425,36.16589948348049,99.98012507432355,Peaty,86.22076015364476,Wheat,1.12
2896.096575698505,16.14529221721157,34.20463357705782,Clay,299.76218968303226,Sugarcane,0.8
376.92718196864536,30.936562497848502,68.14610789064383,Peaty,85.55597880301434,Wheat,1.78
1656.3231606067047,31.3756122875617,41.14398022190039,Silty,33.85216335506532,Sugarcane,2.77
2458.720393338023,11.74526017729626,68.27233697761969,Loamy,86.1773084631203,Rice,0.1
1393.1426387229594,29.33125240809973,67.91064758058538,Silty,218.7720747292704,Rice,3.34
2379.3498413891643,42.94251429422399,88.95042648946058,Sandy,165.16359018599866,Cotton,0.1
498.3434922051163,34.09251687197802,40.78355329369283,Silty,288.4834326763341,Cotton,0.88
474.5247067106315,28.43860081176447,24.56792627561411,Loamy,188.35914780063044,Maize,2.27
2490.6916713008955,43.52692265004769,85.94143887382997,Peaty,94.94063521844957,Cotton,0.11
479.3379615679587,11.907916146880073,73.3220665428307,Sandy,152.6051852052237,Wheat,0.93
1550.2306449445143,28.2113269166985,98.0195628227167,Clay,243.33136989159544,Rice,3.76
1649.2785021506616,14.355197278136432,96.9756701022393,Clay,26.70292046880265,Cotton,0.89
1217.3032018414272,23.660076803209776,28.48734236903273,Loamy,47.818465431420655,Sugarcane,3.15
1839.69166995062,30.697309641862333,77.53597564766136,Clay,25.622544842479588,Wheat,1.43
1067.6238183437572,27.762818306426603,52.10020665629824,Silty,68.02758522015479,Wheat,1.49
2131.506340113385,31.085438845150495,28.579746679667686,Peaty,188.38762060287235,Wheat,0.99
401.3388084860477,41.815195609249606,96.6213326540978,Clay,70.17684623381545,Sugarcane,1.0
1049.4199901996772,23.749367676849083,34.37209743642735,Sandy,287.3938059746672,Maize,2.66
1141.6626643584993,21.50115188179449,42.793060204194866,Clay,54.1910093823946,Rice,1.61
943.6452752606077,36.853168795572806,36.47098486132795,Silty,139.64609173190982,Rice,2.14
1629.9123564521108,26.696687881277413,86.79195426915132,Clay,145.02067095690126,Rice,2.63
523.1282860803428,38.05388112516764,62.35124970780268,Sandy,68.91488510496951,Maize,0.85
2335.9741265701414,36.7844683440935,48.50091590343673,Silty,240.57418585083795,Maize,0.94
1256.1006169958819,41.61676022829468,25.57525573840957,Loamy,278.1012480304225,Cotton,0.28
1262.2236749717224,41.87919794464138,69.22782725028594,Silty,259.8069572041874,Maize,0.79
788.7732981252118,29.806101178561565,69.24420985545433,Peaty,196.8537108668061,Sugarcane,4.54
1986.791727045554,21.21971285263236,27.48160988783276,Silty,47.67743005325147,Maize,1.34
1447.93701269089,11.727234729409744,65.54677055257801,Clay,149.38457777467917,Cotton,0.81
2084.4228656082955,11.643754784268355,65.30583041332257,Sandy,264.67052430622954,Cotton,0.58
2190.5041252895167,44.06782981533006,83.24540421529241,Sandy,142.13198775432687,Sugarcane,0.58
2096.4419217398463,34.592035175327055,96.47840470608578,Loamy,95.71317896184222,Maize,0.86
2812.617428585206,40.47350138750123,53.746386841812274,Sandy,255.12884630367842,Sugarcane,0.37
1999.3582185906087,39.74449116089585,43.40120162728248,Peaty,224.60165257529724,Wheat,0.44
1190.0103461703702,14.636413390624917,73.78261220105216,Silty,216.33682683442987,Wheat,2.06
1048.9829425270896,25.03067639775459,57.65647578527499,Peaty,284.07086983815503,Wheat,2.68
871.8569304261677,12.918266881906584,94.28062015550228,Clay,121.34731933557282,Rice,1.7
1940.2204711866355,11.35798091551106,34.94180225849035,Sandy,110.6108772011884,Maize,0.8
1181.7995360800114,23.188371972097436,62.684354684286355,Peaty,30.38283714930191,Sugarcane,3.15
2185.5561361606246,10.737022424471201,22.914035464137612,Peaty,23.560872837839607,Maize,0.1
2703.7100441263997,17.9858069812817,79.20142401265703,Clay,287.8776442827702,Wheat,0.26
413.64687168742273,35.64450643547825,69.35078047721453,Silty,2.825956791733597,Wheat,1.25
996.0072094672861,30.502239482586667,66.9414326275673,Silty,259.02900435653015,Rice,3.25
1854.2844497074216,27.702049185422382,21.43905052579101,Clay,279.7944301627436,Wheat,1.66
2127.01297434166,37.47523926728917,83.62302792381473,Sandy,146.1247632970734,Cotton,0.69
1554.6313104318297,27.165718385758247,29.57974308004255,Sandy,136.53726930983083,Wheat,1.27
1331.133593248634,26.104101412116393,21.213935923713734,Silty,130.97451652254733,Cotton,1.11
296.0341236492727,27.414812918605406,32.38741452961819,Loamy,156.52296773727437,Sugarcane,2.24
254.4495235747305,44.05365722332146,37.7160713098596,Peaty,54.78753907593033,Wheat,0.65
1139.7058838745238,36.77873070715958,54.62136653665549,Silty,89.3036275687116,Maize,1.49
251.40347519782708,32.88979774970869,69.48681192576923,Clay,25.738285469846844,Sugarcane,1.87
1466.4792981437395,11.51096018020295,44.768059606840005,Peaty,250.6715115271946,Rice,1.56
2031.8439383996483,19.64004662738155,97.41919637272689,Silty,60.41973083816622,Sugarcane,2.55
2059.481879214095,28.481660715132975,97.55531753058054,Silty,216.1000107497979,Maize,1.59
1342.5132924878865,16.6947079863089,61.36943446855356,Silty,241.3123242413102,Wheat,2.23
1577.229901368179,37.44979352340992,66.7141231358193,Clay,144.5984753198601,Wheat,1.02
1540.3648175941303,16.032222495073714,80.1868142382308,Clay,138.2606205808956,Rice,2.34
1520.6569117984488,30.00696926764079,23.712230881210054,Sandy,215.98786181084387,Cotton,1.26
416.00424744097086,20.716857216872842,72.4503529691454,Silty,288.70959493635854,Rice,2.92
1651.3069845115056,26.163226854670654,45.15472846491243,Peaty,221.11905529325256,Rice,2.41
2620.715756429834,27.484826218157647,55.0806413359176,Loamy,187.25762186888113,Maize,0.12
876.9406209431085,26.905493949538265,90.94652315751674,Loamy,242.32178796021435,Rice,4.58
471.09244676421207,26.66198457528716,99.33489123141885,Clay,63.1585465321839,Rice,1.78
1559.393392791458,26.729984076900898,57.709318752627475,Clay,113.97728728860436,Wheat,1.4
913.3492417201362,42.00841538307196,29.04423742676081,Clay,151.47984122682004,Cotton,0.32
936.5012971090048,17.859581424411374,57.24045332219838,Clay,220.29299669493224,Rice,2.52
2649.9655265474244,12.895840622047505,93.20666666864598,Loamy,55.0738882065438,Maize,0.74
1477.6870975426946,15.976889100116791,41.376791638885926,Sandy,183.49670269380422,Maize,1.32
500.76011122142125,13.54073340311394,20.906607456359005,Sandy,292.01828743081296,Cotton,0.46
2706.2384837456807,44.021871611822085,88.74599608563808,Silty,170.84295439890323,Rice,0.1
1772.4362107073428,12.559987831739939,81.17148580912897,Clay,163.16337634833528,Sugarcane,3.03
2632.6430682898967,33.166555176517505,54.723909478254456,Silty,159.57989326583743,Maize,0.25
2511.283312229599,11.960080812865005,58.40862623618291,Clay,50.73745879325341,Sugarcane,0.48
1097.8557132620103,29.3318304709426,24.04059766658257,Clay,216.11196381966087,Cotton,1.01
2399.873619657894,21.402284031096638,85.36003867981046,Peaty,98.03192944651356,Cotton,0.25
1557.60447120509,22.42482905348796,45.656973198743515,Silty,36.985178235723836,Rice,1.44
1404.492543644077,40.62530449103896,44.11649491285344,Silty,229.0809201264041,Wheat,1.26
350.0143669007422,14.917465342843107,69.8039516970491,Sandy,151.2210239245273,Wheat,1.46
2797.488716198654,43.244022192022804,64.3860637202645,Silty,216.71205228983956,Wheat,0.16
1845.5173011060301,41.35275055131471,72.25497513262499,Loamy,109.23631705245162,Rice,0.72
2444.5345607496943,32.06461664334741,43.434016272249835,Peaty,266.3254574015064,Sugarcane,0.88
2198.9226135104745,26.80064784456173,52.191485185154406,Peaty,290.0596650880181,Wheat,1.21
1049.1868729832468,22.690412440813695,25.31242827683979,Peaty,291.7879813297658,Rice,2.94
888.7992728590265,28.623038837830396,58.58849668662024,Peaty,62.353116425894704,Maize,1.73
742.6095640653936,17.509768703249744,79.05206038733517,Loamy,29.35710081493501,Wheat,1.64
2523.147916367779,22.24311740790528,53.98628265415204,Loamy,80.33229438123524,Wheat,0.1
1934.7910293802468,33.643632901701984,82.18660112657545,Loamy,98.79638324475128,Wheat,1.26
2206.812040149397,34.709664103669766,38.73592478304722,Silty,136.15396914207346,Sugarcane,1.53
1292.2409085845982,16.809178939496896,78.53436790299854,Peaty,147.97424790779573,Cotton,0.97
2143.4025338867564,28.170706385108915,43.844605743584765,Clay,89.50132307624963,Wheat,0.83
420.35349054711736,28.455881347483764,52.222842723719594,Loamy,205.0303461161751,Maize,1.81
2963.8802405875263,29.640257435231103,74.99494887526939,Loamy,84.86577293590956,Maize,0.46
1001.525299072913,24.8332864810751,71.98911373620601,Peaty,54.95085822848779,Sugarcane,3.64
560.0228198326736,10.643334642133471,75.1710815727125,Sandy,19.68022948350886,Sugarcane,1.21
1802.7416327097424,24.158183356038226,49.08891593520511,Silty,153.9510048991693,Maize,1.5
1450.7284208850617,18.895154804473506,86.01079005291352,Peaty,206.3730274365973,Maize,3.31
1053.3305558325121,16.36329629834324,26.87283105622564,Clay,184.87621217124374,Cotton,1.05
615.7529124147964,29.40052470467834,62.171870530021174,Silty,92.88954300085373,Rice,1.69
2064.1963241128387,20.017850753399802,56.80821012461504,Peaty,129.49806424313502,Maize,1.12
982.884011406369,14.459282509340015,71.14103065450902,Silty,135.2118174751157,Rice,1.89
2005.31883445226,21.888121716850495,76.63582613609512,Peaty,228.18197441701852,Sugarcane,3.26
1701.9490726240851,25.30018367657621,41.42988662539526,Loamy,261.40007770208473,Sugarcane,5.09
2954.449191191617,43.625016308443605,45.63895181244378,Sandy,253.66535864906987,Wheat,0.1
1245.6448552072193,23.423707935189192,86.92961682941265,Loamy,184.2506550956678,Wheat,3.45
1015.9623882929361,21.765609021058197,44.677537006614905,Sandy,174.77067276444336,Wheat,2.21
235.7431942501126,40.50431497603867,55.73916202491142,Clay,16.263523261797918,Wheat,0.27
1430.503048203638,27.37129699495326,52.29173555947823,Sandy,263.3138882090818,Cotton,1.05
960.7810527914603,17.44544381455956,68.28686301265645,Sandy,255.09531244727967,Sugarcane,3.89
2867.484026197412,24.170096136635053,60.50804426246499,Peaty,37.52667295092106,Cotton,0.1
2108.0883231907615,18.876546967349746,90.69867110651094,Sandy,279.1345801635093,Sugarcane,3.03
828.2336919557608,27.28472184978351,96.9281620459903,Clay,182.8403290099866,Sugarcane,5.2
2395.00004766784,21.361307933393064,77.69274145711017,Clay,168.10460230509702,Rice,0.92
1193.568025605843,31.443952063611253,66.83003382327651,Sandy,192.14498794266365,Cotton,1.09
1600.5542194637987,39.415496269110704,76.10346736707072,Silty,248.02272857275693,Cotton,0.73
1302.309280773716,16.71556145415755,24.897332651485762,Silty,296.76500502617586,Rice,2.44
867.5961010697542,42.96357750175545,68.29954308506052,Loamy,171.80484475700683,Sugarcane,1.25
2595.6489034115775,28.574331641723248,40.41859474754268,Sandy,56.58967392722245,Cotton,0.28
2500.299618091121,10.999982120340364,70.46808309160895,Sandy,87.80143372782724,Cotton,0.1
2703.478701097246,42.195482694568994,24.412527248142837,Silty,11.309217126801185,Maize,0.11
2178.8120157247686,20.431376623305784,52.967725496649166,Silty,174.2390489560427,Cotton,0.87
1566.6924518838575,32.06568404802965,78.74176244245723,Loamy,118.3023439051993,Wheat,2.55
1569.843720572916,23.4028083802066,37.76657505671919,Peaty,156.55868859965364,Wheat,1.96
1444.186149072986,43.0398567348714,23.827105000563105,Clay,299.2747778837917,Wheat,0.67
694.7104796936546,30.30799862696996,92.32279891636475,Clay,252.18979344573756,Wheat,1.96
791.3831240462647,20.96137177462723,34.307285480623946,Sandy,252.18108683195757,Maize,1.86
341.6711902944288,42.419798664694255,96.93050053002456,Peaty,258.3100199916721,Cotton,0.21
458.35321277573576,35.533092500059276,47.783013292213965,Clay,111.86295276065336,Wheat,1.13
2301.8732399886335,27.101172405729468,68.2577708526371,Clay,265.91059412866224,Cotton,0.63
2068.5832565411088,11.534639837382047,46.1297524598407,Peaty,38.62416086271392,Maize,0.55
1131.532503139476,25.340451281160806,41.015464790400415,Peaty,226.78975467937443,Wheat,1.99
1640.7991255498414,17.00539739372784,45.56715410079987,Clay,233.7016181772113,Rice,2.3
2309.27620926192,35.07138702166098,73.55083389358953,Peaty,46.92807564648572,Cotton,0.55
1037.2355029061691,21.080932114369915,73.6977245077054,Loamy,192.84061504862476,Rice,3.81
2341.660724247712,16.111382094379167,45.78083150555877,Loamy,295.8984520680379,Sugarcane,2.1
1818.0558280345456,36.226037429985205,97.17523830627687,Peaty,80.06978642963155,Maize,1.47
1755.4701905756149,35.88675896285483,59.93943260198198,Clay,224.16739352657606,Wheat,0.98
1938.292649816497,35.164676489863155,65.56170229456261,Silty,264.33154450696975,Maize,1.83
555.1629952992721,26.167382147200726,87.58333902927292,Silty,79.39485149962844,Cotton,1.41
2990.713178217103,36.277658091292565,71.57759819054542,Silty,238.7360193529506,Maize,0.91
1704.6617332427943,39.42747751786901,22.67412264745773,Silty,83.84083236889457,Rice,0.88
402.6539009435429,43.394607454987536,37.86043208554887,Clay,42.642256079375315,Cotton,0.13
2806.332019692261,10.1872146042978,79.859104494472,Peaty,278.50073160168654,Maize,0.4
2181.0992256872423,26.194074109073945,84.51967568841962,Silty,287.87826150832217,Wheat,1.89
784.2253568436068,33.28454926829188,26.295886136600757,Silty,49.17951628596082,Rice,1.4
2456.4015749353734,44.64078091992948,50.19100999798211,Clay,51.382023199871874,Sugarcane,0.1
2482.992946795572,41.12615659749119,61.551814822677414,Clay,224.51257482845477,Wheat,0.1
2668.8084579071096,41.21370739923145,35.715305217822866,Peaty,117.46112988048876,Sugarcane,0.66
2553.120928170153,32.68110800658016,47.09999233716058,Peaty,257.37512167307034,Cotton,0.31
1108.4270401781855,21.69753680410401,22.059392779777298,Loamy,189.1677703037215,Maize,2.65
1970.9221667521367,20.090353159398973,71.0764056521715,Loamy,255.7291252707357,Cotton,1.48
268.2947807082709,30.34987132041805,63.91460195994701,Silty,286.3920482148694,Rice,2.41
202.00720437842338,42.78987005318554,33.16202979142499,Silty,55.973549776092405,Wheat,0.41
305.89638234569884,14.306824325661372,98.90799383553296,Peaty,95.50560664080326,Cotton,0.74
2592.7922592913947,18.993330482796445,21.672760986818798,Sandy,124.56412700529921,Maize,0.1
489.5058225641162,25.102784194667485,38.39346966893061,Peaty,175.99389833247753,Rice,1.29
1267.2112696972597,24.414829910057392,78.20634577079552,Peaty,256.4221855775936,Sugarcane,5.9
2843.465400605021,21.758115368262686,64.85555851005441,Sandy,121.5645369897836,Sugarcane,0.25
2654.369374208409,15.540018962068434,56.45286572424736,Peaty,271.75505762963866,Wheat,0.28
1519.0344425549908,24.390212631904856,38.925434016888005,Peaty,20.172190215610986,Rice,1.87
839.7204125676664,40.32495910145647,22.665855955160676,Peaty,4.091953750764321,Rice,0.69
2154.373320193819,37.65909663795928,43.660226769626355,Loamy,40.57235737395041,Rice,0.34
581.8390940824834,16.88409953809246,24.42659097306769,Clay,2.760269287613837,Sugarcane,1.23
1326.369348808014,23.112722665519005,34.634825702737004,Clay,103.74857109287817,Wheat,1.47
1722.0676097516177,32.88222730346547,50.96400095479096,Silty,116.58968711965169,Rice,2.13
1480.2451749347242,29.236780538711223,91.02541122686551,Peaty,246.7943781581668,Maize,3.18
1799.3989469214332,38.89357881713623,42.0188884744898,Loamy,132.46020311366908,Maize,1.3
2576.5492387876798,34.712034012331074,59.23635268158278,Peaty,265.47802405349,Rice,0.85
2325.1881349740374,26.75257046926837,23.5728973103119,Peaty,39.105503914437534,Wheat,0.23
2471.0442893607237,13.065145069566116,84.45403032341633,Loamy,161.24812610197034,Wheat,0.68
2353.1445466401624,25.636944206388826,57.826049991704195,Peaty,123.28818241077099,Wheat,1.11
1421.4844554200884,44.01827958409319,23.00418560480365,Loamy,94.23294572681122,Maize,0.22
2501.044085911761,36.92376957345553,67.73783920849738,Sandy,36.56676362410769,Cotton,0.27
1838.7304514275702,22.57686466805255,58.028725414469484,Clay,194.3466914473307,Wheat,1.54
594.4320910624117,31.87303196427412,78.30964075908767,Loamy,83.66157787828948,Sugarcane,3.22
679.9152745093069,12.764320977818109,75.46379748411937,Loamy,247.93609573649402,Rice,2.74
1842.0866346494333,19.143579635875383,98.55242578295542,Peaty,38.55470053323493,Cotton,0.69
2127.326134531495,31.14457200997873,94.86524992889167,Peaty,294.79572344807076,Maize,1.67
251.44063270669236,19.46826230601463,84.37807869931449,Peaty,63.302007512257816,Maize,0.6
1452.1984742225982,20.840522761296548,58.62480746626963,Peaty,235.18575542935227,Maize,2.92
583.550222466678,34.04032728072185,93.0639769280027,Loamy,94.45234662262061,Wheat,1.38
2891.131150460593,31.958879436054623,40.76403466184661,Sandy,211.59199276077817,Wheat,0.59
468.11175625740145,42.290034171703,65.47777617254556,Silty,226.961575048592,Cotton,0.66
458.5683490472103,33.59025747619489,24.518673920278566,Silty,252.91108407831098,Sugarcane,2.65
2362.2727725011746,26.562461540953954,69.41815392494354,Clay,216.8830273168341,Rice,0.69
1594.0337054400936,39.46330481600866,84.10816466161988,Peaty,136.32669574786235,Maize,1.53
837.3711002942986,28.35527210502123,84.4877398368598,Silty,192.66289110080922,Rice,3.2
2422.907834544647,40.60450939687675,88.08030134377992,Loamy,81.41441852387537,Rice,0.14
1479.428779715097,42.97552709604977,91.02874797884422,Loamy,135.2959507945031,Cotton,0.4
2181.06389313852,11.091121818917243,89.61573523937938,Loamy,131.71244664634438,Maize,1.21
1313.3779600517084,21.770945462673446,38.75872054265359,Sandy,98.33136175236567,Sugarcane,2.75
919.9318111963446,43.20289283160467,33.58067985657087,Peaty,45.940440181321165,Rice,0.1
1457.5455590047022,29.973260264327617,54.84713264101672,Clay,214.63086098296213,Rice,2.53
2120.453570242101,39.164494871254675,39.99671849915964,Clay,219.12487950592066,Rice,0.68
1078.5900012560405,14.964553916594483,37.104096853018625,Silty,267.8893775114482,Sugarcane,2.78
2050.0367007056243,43.271223005295546,78.3742730917793,Clay,68.91069460864031,Cotton,0.78
2933.0193309230526,28.630652734685818,92.42574627008719,Silty,122.76764405753879,Sugarcane,0.53
1434.1138416356898,30.466488291805664,85.29822814902401,Clay,228.89788088690824,Wheat,2.0
1585.5196785399764,35.98085859368035,81.63294296549151,Clay,91.56435903865774,Maize,1.58
250.56861532788946,26.895493561687417,46.48130075959159,Clay,219.33089490106863,Sugarcane,2.34
2422.9014129338016,44.62692232438683,74.33266765948454,Sandy,8.650898076511604,Cotton,0.4
934.4538078764308,39.36107646940211,22.585861226087225,Clay,233.51157136364736,Rice,0.78
2413.688301355315,14.67400813269429,44.84616124406298,Peaty,289.14529835645413,Maize,1.34
1006.0626093375648,14.209483709501239,76.28226721452243,Loamy,10.862178446215488,Wheat,1.18
1055.2117450460382,37.34399338239983,49.27355483308603,Loamy,160.2661229793742,Cotton,1.11
750.9245774806358,41.347852185411185,28.447871682091275,Loamy,54.375076665465585,Rice,0.87
1544.25239827213,27.199254220143395,77.75815694388245,Sandy,112.89354508649929,Maize,2.45
502.87428514212615,44.53438786281483,69.54785991670698,Silty,240.76822444548839,Maize,0.77
1006.8259801767285,18.26027756132992,78.44117232210613,Peaty,16.92040732823714,Wheat,0.98
205.07369483390465,17.83363301197501,47.235286407953474,Silty,44.78040380077418,Wheat,0.68
1221.4906696619992,40.56870102682268,51.5992216439226,Peaty,36.07529597122039,Rice,0.98
1257.8311069463523,21.08395246059241,74.18431674385128,Peaty,206.6999954965705,Maize,3.24
1418.646010426387,43.13948930836305,57.40711587990134,Clay,243.24843400868127,Cotton,0.15
2714.74673719606,35.606151918181396,49.359851781457664,Clay,168.84907116438086,Rice,0.21
1157.223684934581,15.889115551830145,66.53210661384054,Loamy,37.740700903815394,Maize,1.67
1670.394384954963,17.1047745716919,56.149523572182225,Sandy,97.27526215559118,Cotton,1.03
1961.5292201759469,15.343035758927432,76.81386132721286,Clay,198.1160514602666,Rice,1.93
1352.893469252681,21.653258643683067,73.55296514029148,Peaty,200.34186599598507,Maize,3.09
905.0811656255687,44.336032119027664,69.09663756349978,Peaty,25.679865846830495,Maize,0.27
2323.530284495769,10.769528271376327,85.35023887150263,Clay,197.135651718382,Sugarcane,1.31
375.6220799604846,38.54207179530476,59.58033923485629,Peaty,176.68080676876434,Wheat,0.75
2017.8405827146978,15.724099038844875,22.691977871922127,Sandy,119.42615347086925,Wheat,0.48
270.3912321176797,35.30257352835113,84.82915198075497,Loamy,254.1890236606482,Sugarcane,2.89
2729.243156688526,33.5297590315928,91.80228979014916,Peaty,290.8318127027635,Rice,0.66
1658.4473025776801,39.2734482470929,86.4154050455657,Peaty,193.326950888945,Rice,1.56
781.7577624312394,10.709811021310328,58.35326389016815,Peaty,12.099048315453897,Sugarcane,1.48
1926.0904590406328,44.50729306395062,71.19651080916563,Clay,181.5304866711452,Rice,0.63
2803.6038014015708,23.34953703241748,26.292964665140694,Clay,257.3296645117327,Maize,0.61
2192.7097661942407,17.382456763727916,73.80179233905115,Silty,167.58670105985684,Cotton,0.1
2448.611798545686,25.11317852750692,82.864678739548,Silty,282.28973635283813,Maize,1.14
1812.1985904903524,15.726840007358184,29.993584859250674,Clay,290.42175087290354,Sugarcane,2.16
2641.5582694858795,13.432024699686016,54.90411390664141,Loamy,250.24159815707552,Rice,0.13
1088.31460605916,19.867534311304627,62.46872274307806,Loamy,47.56084754997706,Wheat,1.95
1212.956016164344,10.362095876544497,70.09392590351158,Silty,229.0831438842476,Wheat,1.41
516.6792703867029,15.471600343749351,54.96269803598167,Sandy,223.06328089118838,Maize,1.72
1512.6930824426756,20.281665555958522,42.18774093797034,Loamy,48.180943928894706,Maize,1.48
2056.1375065647844,39.83885592995885,40.63516054295205,Silty,201.2480042327806,Sugarcane,1.22
1133.0768735420374,30.82662207233164,27.21565601601955,Peaty,26.889531991385375,Maize,1.05
380.7004747650934,30.218150285188226,48.62506237620877,Peaty,257.5120139283187,Cotton,1.14
1597.3012841314276,42.60372672043417,66.6666327990814,Clay,106.90999132651699,Cotton,0.27
1263.8878663273072,25.696982980092184,98.45185756512396,Loamy,135.65488180803237,Sugarcane,5.72
2874.6797512045623,41.07035392626623,45.4549983565111,Loamy,228.2114418131685,Maize,0.1
1965.1136475695153,41.77554369273342,53.527020293677275,Clay,92.7804334499086,Maize,0.1
2154.321014586118,10.055279737726915,89.72057707925077,Peaty,59.724693848387325,Maize,0.1
737.1411208828296,21.68352190982331,78.21650960487736,Silty,124.17781741577666,Maize,2.27
779.1439097265037,32.890807718056614,53.29736248258516,Peaty,176.30703826794567,Wheat,1.93
528.9325168541801,37.49833106805596,73.88134294538072,Sandy,208.44621896151622,Cotton,0.73
2845.9573995563605,14.956397271626475,71.42667126525905,Loamy,253.01199620250165,Cotton,0.59
2987.6917650498167,18.84320507599488,54.94217354586557,Loamy,183.40710392951473,Maize,0.38
242.74155100888333,17.704523546913435,42.554950747340676,Silty,15.721705938359642,Maize,0.59
2020.258863191808,32.87797667419672,96.49769389149021,Peaty,74.37973494174216,Wheat,1.25
1374.6383861450474,21.077562274191713,22.84657166347701,Peaty,27.444887378894133,Cotton,0.6
1132.6439677477356,24.92909945135266,31.143735152568066,Sandy,94.83146638226869,Sugarcane,2.69
1751.5604053892778,31.30530297623757,94.15907798542362,Peaty,207.256051301944,Cotton,1.34
2910.9821975694254,42.30255273352123,90.72602370481478,Loamy,213.78042218951794,Rice,0.1
335.5084694481437,15.19810984899911,53.11741587872433,Peaty,276.9898524809788,Sugarcane,2.09
1569.5752888045402,37.784515250375144,72.90883149290445,Clay,146.27448101901481,Wheat,1.02
1683.7068303510353,23.708645878744214,69.75315370271025,Sandy,272.86662853116076,Cotton,0.94
1815.5084693114388,15.326111065867126,34.13144238963756,Silty,286.76101298055585,Rice,1.44
2658.722551559964,30.50482428516089,73.93536932920006,Loamy,178.4498141662512,Sugarcane,1.53
1246.2208298443556,23.5842509868974,27.655209284640094,Peaty,27.31089448363252,Wheat,1.2
1356.9445406478335,24.196678658940485,74.36414692581471,Clay,178.1117348854304,Maize,2.83
1374.2859282551206,43.789374477901404,74.7074424516289,Silty,145.58421513305947,Cotton,0.1
2773.307175680279,41.49683401741351,55.85286986952016,Sandy,285.7926392402584,Wheat,0.1
952.0228921323064,40.137202776790176,25.588953654772936,Loamy,98.6405413735361,Sugarcane,1.25
1164.616501503377,12.15400619471929,41.59789094843696,Loamy,93.80479950833765,Sugarcane,2.3
1516.907334224178,40.575135701590696,81.02392423006444,Peaty,161.37585789877292,Maize,0.59
2572.5941509462273,10.333863390894074,52.23120248400389,Peaty,222.09390925318542,Maize,0.1
203.79546859425676,27.398125827277898,80.2247195608808,Clay,263.8190979917653,Wheat,0.85
1342.456255598227,34.061268141740484,39.989397220634345,Sandy,46.44472646152058,Wheat,1.16
2980.8584690137395,13.713221748178324,38.64425503878869,Silty,227.70841441536083,Cotton,0.15
241.99580105598272,15.63850081397478,99.68102267057986,Loamy,174.70723651918976,Maize,1.23
2614.5377660312483,19.92114022424277,74.94045762255271,Clay,66.448064657892,Wheat,0.54
1719.1340144418089,44.24555372537493,84.80142224370107,Loamy,284.11208344330777,Maize,1.25
2516.0428155973455,24.875084494311913,42.03573438324072,Peaty,166.0470810596472,Wheat,0.85
1457.6149676501952,25.404226984472764,27.290987127176578,Silty,122.32176485747847,Cotton,0.93
837.779356529844,30.43503935578054,49.71706714675772,Peaty,143.6911684360414,Sugarcane,2.89
769.8994629490536,15.451306800293542,90.43375222988838,Loamy,292.13415029367866,Maize,3.32
1751.6752205108003,29.559430483413326,76.56249354583075,Clay,243.2191395691238,Sugarcane,4.0
819.0208463416374,27.935391906035946,63.6722047413446,Loamy,18.021950506494733,Rice,1.94
1316.7559534515178,41.65405027809334,99.91194296369376,Loamy,52.85832184927426,Wheat,0.86
1143.3813566148876,30.492007841026247,45.25229015858592,Peaty,181.8606760830996,Wheat,2.4
938.6570098498012,10.422447735521628,61.51498914118055,Sandy,112.86042398855946,Sugarcane,1.19
2757.8307071274753,24.5487753307004,56.759661989152804,Sandy,248.51344368049388,Wheat,0.79
2736.726257825929,40.2241286085,73.92467622029567,Loamy,217.07421013199428,Rice,0.59
1617.0326680734306,35.1026730853647,86.6345318714332,Loamy,266.7358067182328,Wheat,2.94
2234.6773139229954,42.99109451696614,86.5752921846046,Loamy,121.14330157424978,Sugarcane,0.84
798.4727337711415,33.00615888046954,53.97432099347668,Loamy,222.999874069697,Sugarcane,4.53
1295.0582836150174,12.799386897886418,27.186060205766722,Peaty,86.26603692627747,Maize,1.01
1372.525173351434,25.11452923092104,24.314606627269697,Loamy,9.232553477748029,Wheat,0.99
904.0044261248977,16.075025045300393,96.62682435588025,Clay,64.00892040989137,Wheat,1.61
1369.3892164323677,35.78281563286758,29.085163278203012,Silty,75.96224449270721,Sugarcane,2.16
2417.490840506804,14.451341622591041,51.88473793153021,Sandy,272.28491586756815,Maize,0.31
1757.4619032721637,24.399382611616293,95.81862432050443,Peaty,101.74935975751012,Cotton,1.48
1149.1157932839,15.007848839605987,88.6311348196992,Clay,49.06651152414544,Cotton,0.67
1786.0423182425543,26.5114708286806,59.665557811883126,Loamy,55.477805631845236,Maize,2.18
361.8069516556196,14.922866873178336,77.33055493616251,Silty,97.04632849294383,Rice,1.45
1600.9342358928627,26.92631523630832,32.62645809448984,Peaty,229.084589688497,Sugarcane,3.7
2307.8876730486672,19.869977343974007,37.5035481261378,Sandy,12.15275188239655,Sugarcane,0.4
2066.517482463998,31.187026978048067,26.96656396731429,Silty,196.38635805463886,Sugarcane,2.19
1079.3232084494034,26.085984237337826,38.94503419630154,Clay,125.00845190204004,Cotton,0.97
1695.8919100170726,39.46757360677387,66.67376121464014,Loamy,123.21012017596293,Maize,0.87
1018.8370528506441,37.93955487912069,82.66693535396965,Sandy,172.0498754805648,Rice,1.9
1767.509408871812,10.292798099445047,26.61336303892338,Silty,219.7363887401189,Maize,0.96
2027.3175248925897,12.145457805722826,62.04634992497934,Peaty,8.699023300784404,Wheat,0.55
2776.7626326467416,25.426783668637913,99.56473124877918,Peaty,19.34720413675388,Sugarcane,0.69
868.5445032111253,39.244767949993225,82.71356678940319,Silty,3.8269439122291637,Cotton,0.23
1370.3978073769845,29.794511912923547,71.92644816151075,Clay,275.12955155153827,Cotton,1.57
2767.058418609374,29.606016344857547,32.306073960592876,Clay,274.47898098878477,Cotton,0.2
2488.7548747535097,42.66287714616949,95.0689280236814,Sandy,95.89561867659019,Sugarcane,0.5
2154.727387433866,20.884055748406166,27.97311376614207,Silty,118.64400840949705,Maize,1.26
2945.318233792599,27.284645515954647,20.776028393843376,Sandy,150.85291859972602,Wheat,0.47
2385.461047719661,36.44030453804534,68.53756638257856,Loamy,261.55987375528343,Cotton,0.38
1960.4198836716298,29.380488098942642,98.91312147863111,Clay,58.71232549163635,Rice,2.19
509.3541583105817,40.1736425708018,87.13538742972307,Sandy,248.41298573227567,Maize,1.13
1864.1288549944682,30.776369055624503,33.1347971245087,Silty,32.48680694487505,Cotton,0.45
2069.284798033058,31.33058540645476,71.4841698389934,Peaty,205.97595063432988,Wheat,1.23
1077.4343380050022,26.182650653670873,51.20528525981026,Loamy,94.31551232023753,Cotton,1.52
2806.261482565333,18.60126092650607,66.15673200967834,Peaty,51.0390982150827,Rice,0.53
1781.4936560819092,21.87212009451713,45.81469656622562,Clay,168.59440248791378,Rice,2.34
737.6942266121893,32.34196127033814,72.36529529788785,Peaty,167.04364294222205,Cotton,0.99
2450.178412030342,28.606026215626272,34.94246457298965,Loamy,164.84687205354612,Sugarcane,0.49
423.00636129734437,25.036096020699137,64.34580784669242,Silty,193.6196022937455,Cotton,1.33
2002.557702683485,21.648642638208518,80.38980231268485,Sandy,232.09421851660022,Rice,1.95
2150.2201137352895,23.161462688820478,95.40877681269245,Clay,153.77478805414094,Maize,1.53
906.1095490939545,17.13010876471833,47.230787014203926,Silty,88.81965301168412,Sugarcane,3.08
332.5086843819798,11.442973489967114,40.063866808957016,Sandy,130.81448939177633,Rice,0.1
1765.7204639435754,28.624645885382336,52.184762703317276,Sandy,149.4389022551941,Wheat,1.07
434.9142897609461,11.8296730295272,40.2765703738413,Loamy,231.14443593570894,Wheat,0.65
1876.1841007236117,20.238914996854945,74.71146838221415,Loamy,261.4637042124379,Sugarcane,5.19
1269.4824533267526,29.75053726344406,29.16262946610786,Peaty,12.449791315713444,Sugarcane,1.59
2188.587575285542,22.736479227336638,86.6619444023006,Silty,156.171163289752,Rice,1.47
606.8008272882026,21.070232205396856,98.08564688255234,Clay,125.1159611108762,Wheat,2.01
284.05663200854167,23.902963534818138,65.70560123464821,Silty,297.5098383055688,Rice,2.09
2551.341227308088,44.90095879990036,43.40871152317164,Peaty,257.73910792537,Maize,0.1
2782.996909647009,39.84331535856022,81.9906745802359,Silty,221.0988935181067,Rice,0.43
1220.9919748385923,40.01811389647898,41.298679561424116,Peaty,126.86052271772613,Maize,0.83
1235.9968806879367,35.92729535062354,82.73497433856636,Sandy,61.35130160783875,Cotton,1.09
1122.1898678998732,14.8381230374868,51.923236163864324,Peaty,240.73794460121113,Maize,1.79
1914.0442450410414,25.15405674438972,25.68196541194613,Clay,210.64929859449373,Cotton,0.74
441.49767965110175,42.779796408030215,50.25570796225752,Silty,47.427701184854634,Rice,0.52
727.4310497877954,22.282273323798783,94.4423414139215,Peaty,243.36916752040736,Cotton,1.23
2172.1882781219647,38.096798501171335,39.112375653406126,Sandy,187.16668294889112,Sugarcane,0.96
2960.7764020778463,42.82175957613785,88.97223666344973,Clay,119.3186926868167,Wheat,0.18
1837.9796540963011,34.124157241308424,95.12873765861512,Sandy,73.38488221567981,Cotton,0.91
2130.902453201142,33.773645046349614,40.18231676614691,Silty,165.66668405215395,Rice,1.63
1207.6712737127534,42.85660445073156,62.714275239928085,Clay,288.4921476945912,Rice,0.66
676.7535839600639,32.15268581648657,53.5896297425817,Sandy,18.89142262011013,Rice,1.79
1592.0306844720405,14.717502472110333,59.68603828004249,Peaty,93.11942858875345,Cotton,1.43
2811.4080085552696,31.173250460169648,72.75920464996673,Peaty,167.07753071706196,Rice,0.5
813.1163558962437,27.379243476064094,42.159825476377286,Loamy,51.65828022772628,Wheat,1.79
569.7870701533143,19.306333470954172,55.07518759692202,Silty,231.1927581044286,Wheat,1.56
849.2069188719754,37.9280116238655,65.05012751136375,Loamy,128.79682971125857,Wheat,1.2
519.046754444722,33.664962601051,76.16777507035928,Loamy,68.06577444088346,Wheat,1.67
2847.7630976971914,25.50279926070526,67.9434853048383,Loamy,121.30932899434428,Rice,1.22
2162.290295388302,42.43823481885142,50.03018831194559,Peaty,166.46007509974712,Wheat,0.21
265.68526081923244,21.529583008105504,62.94945743764817,Loamy,74.08896724854628,Cotton,0.6
1976.6978134251015,28.644906771364482,51.40209587342618,Peaty,79.91329242900716,Maize,1.24
2692.8471599178565,23.438211299204042,78.94534654637602,Clay,29.56118015032221,Sugarcane,0.85
2798.21576346366,25.89338076821378,78.75896322579229,Loamy,46.218495858194395,Sugarcane,0.89
2131.900199953815,21.715736430274767,75.63907673421203,Loamy,154.04938840255716,Sugarcane,2.88
1579.0611912574236,42.02101525425264,59.135721438449245,Peaty,59.81424570318809,Wheat,0.31
2207.530765949935,40.68394747112269,37.30407522369296,Loamy,227.22065949930823,Maize,0.92
2970.655886602428,19.190033000258495,40.38426128253565,Peaty,152.0790348231583,Maize,0.1
2342.930806616723,37.5212632147627,65.32512025841123,Peaty,43.80507167763247,Rice,0.3
1067.3428796001294,28.26595616746174,73.09635831410048,Peaty,243.1549459759116,Sugarcane,5.28
266.4058088562137,12.792619327190014,53.437563486922166,Peaty,216.4535339530271,Wheat,0.26
2817.4371150857987,39.4323345320711,71.49433887657315,Silty,246.0878881827532,Rice,0.73
2913.3053536471493,26.355057536374204,65.89225623910056,Sandy,188.97615121837785,Maize,0.61
2841.598700342799,13.447312458779113,41.20986091565916,Peaty,253.96034793702157,Cotton,0.36
1581.8863246513386,40.82339618925519,51.77937051734681,Silty,79.45987734407143,Maize,0.5
1754.0158825365609,41.64669226433497,68.17350155111066,Loamy,241.50530797038834,Wheat,0.81
899.6533884633375,31.567608870294873,59.90982569231048,Peaty,128.61754252544443,Maize,2.08
408.1283438089684,44.20791712721726,87.4869556474832,Clay,101.31323241726736,Wheat,0.8
1282.1824240189583,17.394202092836874,70.6141627873088,Peaty,177.06935922190763,Maize,2.17
2087.20383899559,28.952719874287077,87.47422365672394,Loamy,17.489161158707113,Maize,1.74
1109.0515481185435,23.86824335880562,52.53004140399871,Loamy,104.32135066779468,Wheat,2.28
1027.6863770118198,34.68769418138387,61.05725934236416,Loamy,48.795665456970184,Rice,2.1
2524.700539787878,24.6737237261638,35.51951649787178,Silty,20.818594482162624,Rice,0.94
1687.726219484892,38.19532892544318,83.30821789218675,Silty,234.23564500964292,Rice,1.92
2146.893058948277,24.33067781695582,90.1051175932407,Silty,8.842905637334297,Maize,1.08
1041.8357935700835,30.232626721469106,50.07507003226347,Clay,14.11171602442437,Maize,1.0
397.4138755911205,30.301347076532288,77.575565716867,Sandy,218.09396140374463,Wheat,1.77
2339.8838194154728,28.886554771064297,30.322943024834935,Loamy,206.07822503229073,Maize,0.85
351.959319090246,30.88206863249994,26.94903263889462,Sandy,15.792633788148336,Wheat,0.39
509.10385589981456,26.37308442130687,25.669736052389887,Loamy,231.03938757867581,Cotton,0.76
2955.741496811978,11.061873638641138,99.88785343492346,Peaty,253.26287573286962,Rice,0.86
366.6348391791282,19.566510683306173,93.97301506332765,Loamy,210.34233941507307,Maize,3.03
660.9562903831625,15.203539729366373,56.50463293265386,Clay,214.26463105719415,Sugarcane,3.02
239.9755487203306,31.04608885176529,65.01060766939106,Clay,96.95821959730084,Sugarcane,1.81
992.4475044745548,25.328738738689893,48.39960328306829,Peaty,76.87647716672177,Wheat,1.62
2510.540217455932,20.670777508692247,99.21406349045746,Clay,205.10986371738622,Cotton,0.1
1481.4077248939127,19.053862083049996,77.2450261865786,Peaty,272.7795130366022,Cotton,1.11
2538.8580904036603,21.08957302776155,78.00744991892338,Sandy,62.09589090003587,Maize,0.24
496.6765517633335,13.928437519705602,43.29786548626209,Clay,2.3351910806901466,Maize,0.9
497.8308658786824,12.882220038749992,20.21609734673308,Silty,29.91786115601038,Sugarcane,0.95
1175.738332227835,16.27128861188629,71.76561330070992,Peaty,175.16694701161452,Rice,2.51
407.5044980410871,26.2653681078235,69.24895615378873,Loamy,220.80521050960078,Sugarcane,4.53
702.4466652263886,10.889723981283371,23.152762823231193,Loamy,48.092711854670654,Maize,0.81
1690.4687374637497,12.655507442841664,75.85723627955782,Sandy,65.62209693122793,Sugarcane,2.22
1682.4200735155741,23.842117666424958,45.78707664647549,Silty,289.82996181944463,Maize,2.58
996.9087407684959,22.71806229743342,57.160980040326194,Silty,28.338727740326064,Cotton,1.4
2899.042455953041,15.44863244674832,38.19039633554766,Loamy,125.51500131398146,Maize,0.13
1891.5237499466587,33.474607595106285,68.20207121002028,Loamy,20.76903772368951,Sugarcane,2.04
1513.3689526192302,21.694774415666068,28.58888947605342,Clay,141.0747255986263,Maize,1.26
523.8906262147264,43.11925725510787,78.66892117856749,Clay,74.54055732502262,Wheat,0.28
2151.855187130124,30.538715577574727,86.62232568186357,Sandy,207.2103118497498,Cotton,0.47
2051.453473133224,34.84667660228628,20.855359209080113,Clay,267.2986123932794,Wheat,0.79
486.7044958208943,12.152700776052349,24.106749705894206,Clay,215.38110708677084,Wheat,1.11
906.3534508823686,15.482658242727172,96.23282508508078,Loamy,43.354567172085076,Cotton,1.12
391.80781920130335,27.87587653271759,56.401235077155825,Peaty,153.06387494343662,Rice,1.43
1311.286339029773,19.202348667125147,50.03988976165761,Clay,19.32153480451295,Rice,1.4
253.68415009971508,37.03742461337099,33.67559148540686,Clay,147.06659239612225,Wheat,0.14
2367.0211607062824,38.48401960574951,59.480734612847996,Clay,45.77226729071363,Wheat,0.1
1458.5517338830236,44.01735927458173,88.02139154687393,Peaty,206.36959364372257,Rice,0.46
2222.471271306382,16.665994896051608,55.37249104902494,Loamy,116.89722668643462,Cotton,0.95
2448.305643103987,24.949638586693695,38.68334415410946,Silty,115.64113040992062,Maize,0.1
2561.7416735514394,34.09308577850729,43.589250245575755,Peaty,85.85426123937219,Maize,0.67
2416.7462777648907,16.760521289234298,73.43395788768677,Clay,39.648533257507104,Rice,0.59
2082.336231811185,37.38385330255607,62.460048191051385,Peaty,60.18491133739581,Wheat,0.48
829.6829846314889,28.180707523693314,65.01510046325835,Clay,270.6366714736163,Rice,2.88
2805.8550111079658,19.465616491499922,52.02844754159668,Silty,78.76506900600006,Wheat,0.1
357.56996671147414,24.419789632226042,66.3133226074174,Peaty,173.32073104825258,Cotton,1.04
2119.9802420010124,32.73363508728865,53.939656256526405,Silty,173.99034606094287,Sugarcane,2.15
1120.9753789900283,27.79090929968431,21.918035790122534,Sandy,274.33211092621417,Sugarcane,3.05
1751.036854792985,25.77038724856411,42.84200573722717,Loamy,3.0213404496849505,Wheat,1.41
1093.4099224980334,36.85127649412816,36.553294987689355,Loamy,69.28249937962333,Sugarcane,2.11
520.617350113148,24.029583247871763,36.540841925580935,Peaty,151.9109212956627,Maize,1.58
2904.3485701633244,42.95721982256791,89.20500239874883,Peaty,42.27118310639506,Wheat,0.34
2013.4760075935317,24.761424309946864,31.744130540319713,Clay,149.65530712328228,Cotton,0.63
1961.5181357539332,37.755360766895976,30.611509956317242,Clay,214.22610680550522,Cotton,0.56
929.7736733196039,15.702080755056668,46.94552887739655,Sandy,172.583878456425,Sugarcane,2.01
2557.6678105818623,20.975129622241077,87.09636196270877,Loamy,181.38381405156647,Maize,0.63
251.39602826159702,20.91221763817577,71.02577434075282,Silty,137.23849397574656,Wheat,1.33
1177.6490823840993,33.461187189354,71.39412584068619,Sandy,279.8337374063203,Cotton,1.6
2012.8513865034947,21.952748873941527,82.36611590890156,Loamy,66.49419438526775,Sugarcane,3.08
395.6970732862535,32.401063592308816,95.14081831292191,Loamy,44.06897066333377,Sugarcane,2.78
2039.7825110922472,35.63064672768131,48.432432540986845,Peaty,295.8083784589289,Maize,1.76
959.8052985351836,16.482262907536274,74.50505482783073,Clay,161.25693006091456,Sugarcane,3.43
1317.5060387607928,31.539026414823393,49.21953612922975,Silty,12.375097041519156,Sugarcane,2.5
2351.5198010565837,13.122229558593734,36.89264299455416,Sandy,6.003517088632437,Wheat,0.43
2336.396913593438,30.46017654630275,23.04945961507933,Sandy,154.20924584276085,Sugarcane,0.94
1361.2602470839824,42.56229119965737,82.79063867102354,Silty,139.91808520811415,Wheat,0.73
1767.6728636155547,37.638576482746444,79.10440400629491,Clay,178.12522572215386,Rice,1.25
2519.1659814847676,18.814867682099816,82.18417185151347,Clay,263.34143958269544,Sugarcane,1.03
262.0385623654819,27.559948584097217,41.97499951899334,Peaty,225.38193508132377,Maize,0.8
1220.281668391398,10.424366253071069,39.93395977938932,Silty,48.77012059904358,Rice,1.33
2765.982129669094,11.750779342079525,32.42212825418645,Sandy,218.90988823401628,Maize,0.1
2505.372935449193,33.82113545417037,83.19798076558666,Peaty,254.3915079937771,Maize,0.95
218.99954833511725,11.520968620540971,92.31840072446727,Clay,16.720657950420637,Cotton,0.34
1129.8068943066974,15.422962486827757,87.92276106267784,Sandy,167.87245258676202,Sugarcane,3.01
2939.3113340461327,35.493516513525634,71.49988259543386,Peaty,59.245884495609694,Cotton,0.46
774.7614342506448,34.92658677859401,66.38238740555326,Clay,78.48744188754898,Wheat,0.94
1371.449174301973,37.24973466413658,78.75237140345976,Sandy,246.68241344187754,Cotton,1.17
1235.8435697525103,19.763816804706785,34.43099807741703,Peaty,60.10525543452177,Rice,1.43
2444.8927671681304,36.189688708903134,83.5248500706204,Peaty,215.32816344486926,Wheat,0.56
2279.6460424714523,24.50079093169606,57.88555988597171,Silty,167.51534327106657,Wheat,0.81
1161.8885121952235,43.72194975296604,92.82174170031598,Silty,50.55439303775526,Sugarcane,0.78
557.3449214657091,36.398096317234206,57.72321012705322,Clay,281.54046370974373,Sugarcane,2.65
793.6779814062411,11.033968901402265,54.7148199705099,Peaty,260.97178016709626,Wheat,1.36
457.1809442417628,25.575653930387432,99.96041517668132,Sandy,232.92099660663095,Sugarcane,4.39
2505.0338058901984,13.606459270084393,38.19586032518397,Silty,91.05303746343344,Rice,0.89
2648.614826106616,36.22260077818144,95.08684766228042,Peaty,23.921567228838402,Sugarcane,0.4
420.92512257536293,13.197385287825282,54.19266303234522,Silty,80.93881736770925,Sugarcane,2.36
2798.697050538645,28.5592128973422,48.28729167658548,Clay,49.86016104262364,Sugarcane,0.22
1091.7143916864552,35.31303105119371,84.12845412904345,Sandy,70.20845259206237,Cotton,1.0
2600.9587104614166,10.006481835340498,48.99451289502166,Peaty,214.6517863863386,Rice,0.47
2298.9521060172665,14.756015254465797,25.330239872829978,Loamy,249.47948893232294,Wheat,0.33
1558.9657119763706,39.05620350498556,96.04894197943122,Loamy,106.17170016354511,Sugarcane,2.64
2062.3720085144314,25.36180590721836,96.25337414169339,Loamy,97.43967461410816,Wheat,1.94
1558.2015595768867,41.71381782264633,86.80188706973551,Sandy,284.01237451016647,Cotton,0.53
900.6897107362233,34.04284244833461,79.41285749251371,Clay,52.846173750858014,Maize,1.85
289.9068253497631,32.53537746442942,81.0359102809249,Sandy,265.82219012865755,Sugarcane,2.45
1874.1507783373308,27.14628105344609,22.57322162581051,Loamy,125.05038456683809,Cotton,0.87
695.7212246795127,10.998200869352688,92.74433171248396,Clay,10.287503493162708,Wheat,0.58
981.4383812235938,30.278290457178205,36.18217448725352,Sandy,151.39231678442258,Maize,1.19
2702.2162174533464,20.203092485291734,65.01692346737623,Peaty,297.96782018416474,Wheat,0.92
829.7110560451404,29.534695534487525,81.12744001703852,Loamy,34.980889928640224,Cotton,1.56
1347.57348473138,28.372692948521365,58.17038139165466,Peaty,56.318422649482095,Rice,2.03
2761.3109237462872,28.792314149704097,78.22112324103553,Peaty,182.5603929831715,Maize,0.67
2107.385921900337,36.32542122901831,60.28615170708732,Loamy,297.1123288736588,Rice,1.55
1979.6617496229242,20.630233375691603,98.6355937296177,Silty,189.90867162232274,Maize,2.38
259.2826184590597,22.180467381722252,77.51939803184487,Sandy,125.02471818721594,Maize,1.08
501.99617322984056,32.75877518761665,44.99906609142839,Silty,146.04212309497302,Maize,1.33
1849.5324607446623,35.228571076622046,39.29654197024184,Sandy,159.67374214253422,Rice,1.53
1568.582287043065,24.279802678685332,36.90280300559502,Silty,66.78109096237131,Sugarcane,3.39
1973.2740884225097,26.187157364195766,64.48419394239687,Loamy,187.50583625043123,Rice,2.83
680.7431807597754,13.58870883394254,69.00742466207012,Peaty,226.28469991056483,Maize,1.46
762.1468413661383,13.764648711965194,55.21021572370611,Sandy,11.83558587680743,Sugarcane,2.02
1950.6077642279863,38.95844677625753,74.29195497462933,Clay,86.39358237975013,Cotton,0.94
2383.492291744802,37.437384769966066,61.542406591621706,Sandy,253.52449132065047,Cotton,0.1
2688.3410013974353,18.407950823844086,42.41731255924569,Silty,146.9795259734582,Sugarcane,0.25
849.012777326423,41.54899794302316,86.71332803688296,Silty,243.1408851208779,Rice,1.07
1528.1115975408147,23.70832900075831,93.23815049746652,Sandy,125.53403691486838,Wheat,2.17
1493.1364167697034,10.741728617974847,38.19927126952499,Peaty,72.72564416616326,Maize,0.76
381.5358126013354,36.69283955646493,54.195353668524795,Clay,203.79499959406604,Rice,0.76
1992.1366314041577,27.31780242296557,87.93057983908085,Silty,4.026874536038283,Wheat,0.74
581.4542243280318,32.06403241125999,44.09805984498235,Silty,203.99356459522843,Sugarcane,3.37
764.0921882208492,18.196804896588453,61.70142030592526,Loamy,63.539786574464316,Maize,2.21
1100.0949382538524,15.587047663846743,36.41462667161286,Loamy,193.36894638954664,Cotton,1.32
1127.39868094474,14.15294961186883,65.63098602940246,Peaty,292.9470102132747,Cotton,1.33
1943.044431555605,21.02697738126598,63.3504138620976,Clay,87.47331502797921,Rice,2.13
2413.1409324723663,16.780862655868372,40.94022952296189,Silty,114.83829244360506,Maize,0.57
2013.4741971383125,25.81096137304047,97.49531601704345,Silty,231.9270424851336,Rice,2.72
1221.8801254710304,19.579847101049488,60.48290161819846,Loamy,95.45256285261094,Wheat,2.1
2907.558050478505,15.602593692035573,82.98606699659162,Peaty,251.7147504238072,Rice,0.28
313.3659081192525,24.101135263482078,94.81742481367,Clay,70.69321182642656,Maize,1.63
796.5695428490994,19.48720465491273,44.33970491892677,Sandy,214.03720813021323,Maize,1.04
1068.4122190542457,25.796785380393406,50.7355347940782,Clay,233.7281830145311,Rice,2.66
448.1723292988261,42.278080444355545,58.41893707768214,Silty,14.569995917788791,Cotton,0.1
1346.651744780399,23.115585788751595,94.0423457317516,Silty,200.16398752257223,Wheat,2.28
502.7453869358689,24.97543301985469,27.892590138624726,Loamy,197.27049173538373,Maize,2.36
1555.3090326379756,44.23943200996458,89.92830368529687,Silty,46.3085309687701,Maize,0.1
